Company,Title,Location,Publish Time,Salary,Work Model,Match Score,Applicants,Min YOE,H1B Sponsor,Matched Skills,Missing Skills,URL
Snowflake,Data Engineer,"Menlo Park, California, United States",4 minutes ago,$132K/yr - $173K/yr,Hybrid,93.6539,41,1,True,"Data Pipeline Design, ETL, Data Ingestion, Python, SQL","Data Products Development, Apache Airflow, Snowflake",https://careers.snowflake.com/us/en/job/SNCOUS7A3BCD30825748F8B1059CEBAB8168BAEXTERNALENUSF01420175FC14046833B4032DE3254BB/data-engineer
The Trade Desk,Front End Engineer II - Reporting,Boulder,58 minutes ago,$103K/yr - $170K/yr,Onsite,94.1956,100,2,True,"React, JavaScript, TypeScript, Java, NodeJS, SQL, Computer science fundamentals","Enterprise level services, C#",https://boards.greenhouse.io/embed/job_app?token=5120336007&utm_source=jobright
Elanco,Senior Data Engineer,"Lake County, IN",13 hours ago,N/A,Onsite,95.9034,113,3,True,"Data pipeline design, Azure cloud platform, Azure Storage Blobs, Azure Data Lake Storage (ADLS), Azure SQL Database, Azure Cosmos DB, Azure SQL Data Warehouse, Azure Data Factory, Azure SDK, Azure CLI, Azure HDInsight, Azure Databricks, Azure Stream Analytics, Power BI, ETL/ELT development, Programming languages - Powershell, Programming languages - Java, Programming languages - Node.js, Programming languages - React/Redux, Programming languages - Python, Programming languages - SQL, SparkSQL","Development, Azure Import/Export Service, Dell Boomi integrations, Programming languages - C#, Hadoop ecosystem, Spark, Hive, Pig",https://elanco.wd5.myworkdayjobs.com/External_Career/job/IN---Bangalore/Senior-Data-Engineer_R0025555-2?source=LinkedIn
Empassion Health,Data Engineer (East Coast Remote),United States,7 hours ago,$120K/yr - $160K/yr,Remote,97.1619,25,2,True,"Data Engineering, Analytics Engineering, SQL, Python, Google Cloud Platform, BigQuery, Cloud Storage, AWS, Azure, Dbt, Data Modeling, Unit Testing, Data Pipeline Automation","Cloud Data Warehouses, Cloud Composer, Healthcare Data",https://jobs.lever.co/empassion.com/a87d1a09-99f1-4cb1-8550-37e39e356618/apply?utm_source=jobright
Attentive,Senior Analytics Engineer,United States,4 hours ago,$110K/yr - $155K/yr,Remote,90.6756,25,4,True,"SQL, Data visualization, Data modeling, ETL processes, Statistics, Dbt, Python","Looker, Tableau, R, Independence",https://boards.greenhouse.io/embed/job_app?token=4226675009&utm_source=jobright
Grant Street Group,Data Engineer,United States,2 hours ago,$80K/yr - $180K/yr,Hybrid,88.3801,200,N/A,True,"SQL, Data modeling, ETL, Python, AWS, GCP, Databricks, Shell scripting","Go, Groovy, Perl, Cloud data engineering, TechOps, Linux command line",https://jobs.lever.co/grantstreet/50b37d2c-be0d-4718-9ded-dafe63b03378/apply?source=LinkedIn
Aptos Retail,Software Developer L2,"Elkhart County, IN",12 hours ago,N/A,Onsite,98.0,200,1,True,"JavaScript, TypeScript, Node.js, React Native, Web application development frameworks, RESTful API design, Git, Relational databases, NoSQL databases, Unit testing, Integration testing",,https://aptos.wd108.myworkdayjobs.com/Aptos/job/IN-Bangalore-Office/Software-Developer-L2_JR100104?source=LinkedIn
Clarivate,Senior Software Engineer,"Ann Arbor, MI",18 hours ago,N/A,Hybrid,89.1821,195,3,True,"Software Development, Text Processing, Cross-Browser Development, Server-Side Services, RESTful Web APIs, Object-Oriented Design, Design Patterns, Angular, AngularJS, TypeScript, JavaScript, HTML, CSS, Node.js, Relational Databases","Intellectual Property Domain, Semantic Search, Cross-Platform Development, Security Practices, DotNet Framework, .NET Framework, C#, ASP.NET Core, Secure Coding, Code Reuse, SCSS, Version Upgrades, Package Management, Npm, NuGet",https://careers.clarivate.com/job/CLACLAGBJREQ135363EXTERNALENGB/Senior-Software-Engineer?utm_source=linkedin&utm_medium=phenom-feeds
The Walt Disney Company,Data Engineer I,"Santa Monica, CA",11 hours ago,$89K/yr - $119K/yr,Onsite,95.0502,200,N/A,True,"SQL, Data modeling, ETL design patterns, ELT design patterns, Distributed data processing, Databricks, Data governance, AWS, S3, IAM, EC2, Lambda, Data ingestion pipelines, Semi-structured data formats, JSON, Git, GitHub, CI/CD, DevOps practices","PySpark, Spark SQL, Delta Lake, Unity Catalog, Lakehouse patterns, Glue, Airflow, Parquet, CSV",https://www.disneycareers.com/job/-/-/391/94304799376?source=LINKEDIN_JOB_SLOTS
Fannie Mae,Full Stack Software Engineer,"Reston, VA, US",2 hours ago,$123K/yr - $161K/yr,Hybrid,90.3057,25,2,True,"Software Development Lifecycle (SDLC), Java, TypeScript, Python, Angular, Data Modeling, SQL, Query Optimization, PostgreSQL, DynamoDB, Git, CI/CD Tooling, Docker, AWS CloudFormation, Cloud-native Solutions on AWS, Generative AI Tools, NodeJS","Schema Design, Jenkins, Terraform, Microsoft Copilot, ChatGPT, Mortgage Banking Domain Knowledge, Bond Markets Domain Knowledge, Financial Risk Analytics, Mortgage Backed Securities (MBS), Mortgage Loans, Debt Instruments, Derivatives, SpringBoot",https://fanniemae.wd1.myworkdayjobs.com/FannieMaeCareers/job/Reston-VA/Full-Stack-Software-Engineer_JR2397
LS Power,Applications Developer,"New York, NY, US",55 minutes ago,$120K/yr - $140K/yr,Onsite,68.8778,25,5,True,"HTML, CSS, JavaScript, Python, SQL, API integration, Power BI, Planning","Financial products, Commodity markets, Energy marketing, Trading, Power markets, Natural gas markets, Microsoft Fabric, Trade capture systems, ETRM platforms, Action bias",https://careers-lspower.icims.com/jobs/1861/applications-developer/job?in_iframe=1
SafeRide Health,Data Engineer,United States,9 hours ago,N/A,Remote,91.2278,200,3,True,"Data modeling, ETL development, Analytics datastores, BI, Python, Java, System design, Data architecture, Troubleshooting, Analytical skills","Data warehousing, Cloud warehousing solutions, Reporting tools, Scala, Operational workflows, Compliance processes",https://saferidehealth.bamboohr.com/careers/262?source=LinkedIn
Loop,"2026 New Grad | Software Engineer, Full-Stack (Chicago)","Chicago, IL",58 minutes ago,$125K/yr - $125K/yr,Onsite,80.7112,73,N/A,True,"Modern web application development, AI literacy, Large Language Models (LLM) understanding, AI native tools Codex, AI native tools Claude Code","AI native tools Cursor, Self-direction, Bias towards action, Work in ambiguity",https://boards.greenhouse.io/embed/job_app?token=5981831004&utm_source=jobright
Genesys,"Sr. Software Engineer, Full Stack — Agentic AI","Austin, Texas Metropolitan Area",59 minutes ago,$116K/yr - $203K/yr,Onsite,89.855,25,5,True,"TypeScript, JavaScript, Java, Python, Node.js, Large language models, AWS, AWS Lambda, AWS ECS, API design, Ownership mindset","Full stack development, Agentic system design, AWS Fargate, Self-direction",https://genesys.wd1.myworkdayjobs.com/Genesys/job/Virtual-Office-Texas/Sr-Software-Engineer--Full-Stack---Agentic-AI_JR110668?source=Linkedin1
PayPal,"Software Engineer, Backend Java","New York, NY",40 minutes ago,$116K/yr - $173K/yr,Hybrid,78.8704,25,1,True,"Java, Web Services, REST, OAuth, JSON, Databases, SQL, NoSQL","Backend Development, Java EE Technologies, Application Servers, Servlet Containers, JMS, JPA, Spring MVC, Hibernate, Service-Oriented Architecture (SOA), ORM Tools",https://paypal.eightfold.ai/careers/job/274917627388?hl=en-US&domain=paypal.com&Codes=W-LINKEDIN
JPMorganChase,Data Engineer II - AWS/PySpark/ETL,"1111 Polaris Pkwy, Columbus, OH, 43240, US",1 hour ago,N/A,Onsite,89.2262,82,2,True,"Data Engineering, ETL Tools, Data Pipeline, Python, AWS, Data Lakes, Databricks, System Design, Testing, Automation, Continuous Delivery, SQL, Java, Software Development Life Cycle, Agile Methodologies, CI/CD, Cloud Computing, Artificial Intelligence, Machine Learning","Ab Initio, Informatica, Workflow Management Tools, Airflow, PySpark, Snowflake, Application Development, Operational Stability, Application Resiliency, Security, Financial Services IT Systems",https://jpmc.fa.oraclecloud.com/hcmUI/CandidateExperience/en/sites/CX_1001/job/210737118
Tesla,"Data Engineer, Quality, Megafactory","Brookshire, TX",4 hours ago,N/A,Onsite,95.4054,154,N/A,True,"Python, SQL, NoSQL, JavaScript, React, REST API, Data Architecture, Data Visualization, Statistical Analysis","Kafka, Spark, WebSocket",https://www.tesla.com/careers/search/job/265479?source=LinkedIn
Greater New York Insurance Companies,Data Engineer - Guidewire,"Edison, NJ",2 hours ago,$62K/yr - $110K/yr,Hybrid,84.8571,25,5,True,"Data modeling, Data architecture, Data integration, Relational databases, SQL Server, MySQL, ETL processes, Data pipeline development, Azure Databricks, Azure Data Factory, Azure SQL Database, Azure Data Lake Storage Gen2, Power BI, Data governance, Data security","Insurance domain knowledge, Guidewire Policy Center, Guidewire Billing Center, Guidewire Commercial P&C data models, Guidewire CDA data model, Oracle, Apache Spark, Delta Lakehouse, Data warehousing, Azure Event Grid, Azure Key Vault, Metadata management, Data quality frameworks, Encryption, Anonymization",https://www.paycomonline.net/v4/ats/web.php/portal/D25120971391831BA4315C705AA7ABF1/jobs/387352
Jain Global,Data Engineer - New York,"New York, New York, US",4 hours ago,N/A,Onsite,77.8877,92,4,True,"Python, C++, SQL, BigQuery, AWS, Google Cloud, Azure, AWS RDS (Postgres), AWS S3, Git, DevOps practices, DBT, Vendor APIs integration, Reference data","AMPS streaming technology, Snowflake, Redshift, Parquet, Iceberg, AWS MSK (Kafka), Linux, Test automation, Grafana, Prometheus, Datadog, ELK, Airflow, SFTP, Financial data, Live market data",https://jainglobal.wd5.myworkdayjobs.com/ExternalSite/job/New-York-New-York/Data-Engineer---New-York_JR100459-1
Thrivent,Engineer,United States,59 minutes ago,$82K/yr - $110K/yr,Remote,84.4806,25,3,True,"Software Development Life Cycle (SDLC), Systems design, Java, SQL Server, Python, SQL, GitHub, AI tools, DevOps, Debugging, Database querying","Operating Systems, Application Development Platforms, Spring, Kafka, Financial Services industry experience, Suitability technologies, Innovative mindset",https://careers.thrivent.com/jobs/46557/engineer/?source=ORG_LI
SeaChange,Full Stack Developer,"Plymouth, MN",4 hours ago,$75K/yr - $90K/yr,Hybrid,96.8217,57,3,True,"MVC, JavaScript, React, HTML, CSS, Microsoft SQL, PostgreSQL, REST API, SSO, Software Development Life Cycle (SDLC), Git",".NET, C#",https://recruiting.paylocity.com/Recruiting/Jobs/Details/4031592
SoFi,"Software Engineer, Loans Originations","Cottonwood Heights, UT",59 minutes ago,N/A,Onsite,92.4425,25,1,True,"Java, Object-oriented programming, Relational databases, Unit testing, Software design patterns","Kotlin, Document databases, Willingness to learn",https://boards.greenhouse.io/sofi/jobs/7713729003?gh_src=7ed8869b3us
Myriad Genetics,Software Eng III - South SF Hybrid,"Salt Lake City, UT",59 minutes ago,N/A,Hybrid,96.9572,25,2,True,"Python, JavaScript, React, TypeScript, PostgreSQL, Software Engineering Fundamentals, Version Control, Integration Testing, Web Application Development","Django, Laboratory Information Management System (LIMS)",https://ekgn.fa.us6.oraclecloud.com/hcmUI/CandidateExperience/en/job/5520/?utm_medium=job%2Baggregator&utm_source=linkedin
Citi,Java & Microservices Development Lead – Vice President,"Jersey City, NJ",4 hours ago,$142K/yr - $213K/yr,Onsite,80.0058,77,6,True,"Core Java concepts, Object-oriented programming, Data structures, Algorithms, Design patterns, JDBC, REST APIs, GraphQL APIs, Data transformation, JSON, Microservices architecture, Docker, Kubernetes, Cloud computing platforms, AWS, Azure, GCP","Java backend development, Spring Boot, Spring Cloud, Spring JPA, Hibernate, Maven, Functional programming, XML, FXML, SWIFT, CSV, OpenShift, Kafka",https://ad.doubleclick.net/ddm/trackclk/N4789.466581LINKEDIN.COM/B31905749.393702677;dc_trk_aid=614240951;dc_trk_cid=235979136;dc_lat=;dc_rdid=;tag_for_child_directed_treatment=;tfua=;ltd=;dc_tdv=1;dc_transparent=1;?https://jobs.citi.com/job/-/-/287/91842636272?source=APPLICANT_SOURCE-3-354&utm_medium=job_posting&utm_campaign=nam_experienced&utm_content=social_media&utm_term=393702677&ss=paid&utm_source=linkedin
TTX Company,Data Engineer,"2151 Hawkins St, Charlotte, NC, 28203, US",7 hours ago,$77K/yr - $100K/yr,Onsite,92.1495,41,2,True,"Data Engineering, ELT/ETL Processes, Data Pipeline Design, Data Integration, Data Modeling, Data Quality Management, SQL, Python, Power BI, Azure Synapse, API Design, Hybrid Cloud Environment","Microsoft Fabric, Microsoft SSIS, Microsoft SSAS, Data Replication/CDC, Development",https://ejjc.fa.us6.oraclecloud.com/hcmUI/CandidateExperience/en/sites/CX/job/6218
Ascensus,Senior Data Engineer,"Newton, MA, US",4 hours ago,$120K/yr - $140K/yr,Onsite,86.705,31,5,True,"ETL Tools, Database Programming, Data Modeling, Relational Databases, Oracle Database, MySQL, Artificial Intelligence Agents, Performance Diagnosis, Data Storage Management, Star Schema Data Models, Code Review, Python, Data Modeling with ER/Studio Data Architect, PowerBI, Analytical Skills","Data Warehousing, Oracle PL/SQL, Sybase ASE, SSAS, Remediation, Data Partitioning, Data Retention Policies, Pandas, PySpark, CI/CD for Database Deployments, Liquibase",https://ascensushr.wd1.myworkdayjobs.com/ascensuscareers/job/Newton-MA/Senior-Data-Engineer_R0021206
IBM,Software Developer 2026 ELH,"San Jose, CA",6 hours ago,N/A,Hybrid,98.0,200,N/A,True,"Software development, Programming languages, Data structures, Algorithms, Debugging, Front-end technologies, Git, Cloud computing, Containers, REST APIs, Databases, CI/CD pipelines, Agile development, Analytical thinking",Back-end technologies,https://ibmglobal.avature.net/en_US/careers/JobDetail?jobId=91689&src=SN_LinkedIn
WVU Medicine,Associate Machine Learning Engineer,United States,6 minutes ago,N/A,Remote,97.2337,25,1,True,"Machine learning, Python, CI/CD, Docker, Generative AI, Large language models, Prompt engineering, Data processing, Model training, API integration, Data analysis",Sensitive data management,https://wvumedicine.wd1.myworkdayjobs.com/WVUH/job/Information-Technology-Center/Associate-Machine-Learning-Engineer_JR26-33587/apply?source=LinkedIn
Enhance IT,Big Data Developer,NYC Metro Area,4 hours ago,N/A,Onsite,97.1368,44,N/A,True,"Big Data Frameworks, Python, Java, ETL Processes, SQL, Cloud Platforms, Data Structures, Algorithms, Data Formats","Scala, Distributed Systems",https://www.linkedin.com/jobs/view/4405355735
Shift4,AWS Cloud Data Engineer,"Tampa, FL",7 hours ago,N/A,Onsite,93.5148,200,3,True,"AWS services, AWS Lambda, AWS Database Migration Service, ETL tools, MS SQL Server, Postgres, Data modeling","AWS Redshift, AWS Glue, AWS Kinesis, Stored procedures",https://boards.greenhouse.io/embed/job_app?token=5114279007&utm_source=jobright
Vanderbilt University Medical Center,Data Engineer (Remote Available),United States,6 hours ago,N/A,Remote,98.0,25,2,True,"Python, Object-oriented programming, Cloud solutions - Azure, Cloud solutions - AWS, Cloud solutions - GCP, SQL, REST data services, APIs, Microservices, Git, Containerization - Docker, Containerization - Podman, Databricks, CI/CD automation, GitLab, GitHub, Analytical mindset","C#, Apache Spark, PowerShell, Bash, Infrastructure as Code - Terraform, Azure DevOps",https://vumc.wd1.myworkdayjobs.com/vumccareers/job/Nashville-TN/Data-Engineer--Remote-Available-_R-55691?src=sns-10000&source=LinkedIn
MSCI Inc.,Data Technology DMX Liquidity Data Engineer,"Norman, OK",6 hours ago,$73K/yr - $95K/yr,Hybrid,92.4193,192,N/A,True,"Data Modeling, Data Pipeline Design, Data Processing Technologies, Python, Linux Scripting, JSON, Test Frameworks, Unit Testing, Integration Testing, Relational Databases, MSSQL, MySQL, GIT, Data Engineering, Data Factory, DataLake, DevOps, Containerization, Docker, Kubernetes","Spark, XML, Parquet, Oracle, Sybase, Cloud Data Technologies, DeltaLake, DremIO, Automated Scheduling, AutoSys",https://careers.msci.com/job/data-and-operations/norman/data-technology-dmx-liquidity-data-engineer/2026-4821?mode=apply&iis=LinkedIn
Microsoft,Software Engineer,United States,4 hours ago,$84K/yr - $165K/yr,Remote,98.0,127,1,True,"C, C++, Java, JavaScript, Python",C#,https://apply.careers.microsoft.com/careers/job/1970393556620143?utm_source=linkedin&domain=microsoft.com&src=LinkedIn
Commure,"Software Engineer, Applied AI","Mountain View, CA",5 hours ago,$130K/yr - $180K/yr,Onsite,80.0063,200,3,True,"Python, Frontend technologies, React, Typescript, Containers, Cloud, Docker, Kubernetes, Leadership","Full-Stack programming, Flutter, Production environment building, Alerting and reporting, Metrics tracking, Software reliability engineering, Product sense, User experience",https://jobs.ashbyhq.com/Commure/7d4ec84a-9fdc-4238-81e7-8f666836006e/application?utm_source=PnDq6E4Omw&source=X34Yya61zq
Holman,Developer III,United States,4 hours ago,$105K/yr - $150K/yr,Remote,97.266,25,3,True,"React, CSS, JavaScript, ES6+, RESTful API design, API integration, Agile methodologies, Scrum, Git, Software development lifecycle, Java, Python/Django, Node.js, Azure SQL Server, PostgreSQL, MySQL, Azure, AWS, GCP, Artificial Intelligence, CI/CD pipelines","Backend development, .NET framework, Oracle",https://holmanautogroup.wd1.myworkdayjobs.com/holmanenterprisescareers/job/Remote-NJ-US/Developer-III_R0054729
BlackRock,"Python/Data Engineer - SMA Solutions, Associate","Sausalito, CA",7 hours ago,N/A,Hybrid,87.3332,200,3,True,"Python, SQL, Programming fundamentals, Algorithms, Data structures, Design patterns, Troubleshooting, Big data analytics, Cloud environment Azure, Cloud environment GCP, Cloud-native container orchestration","Full-stack engineering, Extract-Transform-Load (ETL), Cloud environment AWS, Python data analytics frameworks, Snowflake, Data warehousing, DAG-based job scheduling, Financial Services industry experience, Work in fast-paced interdisciplinary environment",https://careers.blackrock.com/job/-/-/45831/89416338272?source=LinkedIn
Greater New York Insurance Companies,Associate AI Engineer,"Edison, NJ",2 hours ago,$69K/yr - $124K/yr,Hybrid,86.4221,25,1,True,"Large Language Models (LLMs), Generative AI (GenAI), Agentic AI, AI/ML Engineering, Python, AI/ML Libraries, Prompt Engineering, Vector Databases, Microsoft Azure, Azure OpenAI, Azure Functions, Azure Logic Apps, Azure Kubernetes Service (AKS), API Development, CI/CD Pipelines, Git Version Control, Agile Delivery","Retrieval-Augmented Generation (RAG) Architectures, Semantic Search, Agent Orchestration Frameworks, System Integration, Data Privacy, Security, Compliance, Insurance Domain",https://www.paycomonline.net/v4/ats/web.php/portal/D25120971391831BA4315C705AA7ABF1/jobs/387329
Windfall,Full Stack Engineer,"San Francisco, CA",2 hours ago,$160K/yr - $215K/yr,Hybrid,96.3081,200,4,True,"Web application development, Server-side development, Object-oriented programming, API development, Frontend frameworks, Java, JavaScript, TypeScript, React, CSS","Transactional databases, Kotlin",https://jobs.lever.co/windfalldata/3115a138-72f0-4269-ab41-afd871eb3e28?lever-source=LinkedInJobs
Conagra Brands,Sr. Data Engineer,"Omaha, NE",7 hours ago,$93K/yr - $136K/yr,Hybrid,80.9589,200,5,True,"Structured Query Language, Databricks, ETL, Dbt, Python, Data modeling, DevOps, Git, Continuous integration, Continuous deployment, Databricks Workflows","Snowflake, ELT, Informatica, Talend, PySpark, Database design, Airflow",https://careers.conagrabrands.com/us/en/job/CXGCONUSREQ036234EXTERNALENUS/Sr-Data-Engineer?utm_source=linkedin&utm_medium=phenom-feeds
"Arrowstreet Capital, Limited Partnership",Senior AI Software Engineer,"Boston, US",4 hours ago,$115K/yr - $325K/yr,Onsite,88.1915,92,5,True,"Python, Machine Learning, Generative AI, Large Language Models, Data Integration, AI/ML Frameworks, Data Pipelines, RESTful APIs, Data Structures, Algorithms, Docker, Kubernetes, AWS, MLOps, DevOps CI/CD, GitLab, Agentic AI Frameworks, Responsible AI, Ethical AI, Analytical Skills","PyTorch, TensorFlow, Hugging Face, Layered Architecture, Infrastructure-as-Code, Ansible, Terraform, CloudFormation, Compliance in AI",https://arrowstreetcapital.wd5.myworkdayjobs.com/Arrowstreet/job/Boston/Senior-AI-Software-Engineer_R1361
"Arlo Technologies, Inc.",Sr. Data Engineer,"Milpitas, CA",8 hours ago,$115K/yr - $155K/yr,Hybrid,98.0,200,3,True,"SQL, Databricks, Data Engineering, Analytics Engineering, Data Modeling, ETL, Data Quality, BI Concepts, Data Pipeline Development","Dimensional Modeling, Metric Definitions",https://arlo.wd12.myworkdayjobs.com/External_Careers/job/Milpitas-CA/Sr-Data-Engineer_JR100321?source=LinkedIn
InterSystems,AI Application Engineer,"Boston, MA",4 hours ago,$127K/yr - $167K/yr,Onsite,86.6234,25,5,True,"AI/ML solutions, LLM inference, Similarity search, Vector databases, Python, C++, Cloud environments, Containerization technologies","Agentic applications, Guardrails, Memory systems, ObjectScript",https://www.linkedin.com/jobs/view/4384543520
Protective Life,Software Engineer,"Birmingham, AL",2 hours ago,$70K/yr - $103K/yr,Hybrid,88.788,86,3,True,"Software development, Visual Studio, SQL database development, SQL Server, ASP.NET MVC, HTML, CSS, JavaScript, Unit testing, Independent work, Decision-making","C#, .NET development, ASP.NET Web API, WCF, SOAP",https://jobs.lever.co/protective/dd17f4cd-e61e-4063-9acb-ed6dd35617a7/apply?utm_source=jobright
"Schepmont Group, LLC",Software Engineer,"Seattle, WA",3 hours ago,$100K/yr - $130K/yr,Onsite,97.0883,200,N/A,True,"Java, Python, JavaScript, C++, Software development principles, System design, Web technologies, APIs, Databases, Cloud platforms",,https://www.linkedin.com/jobs/view/4405367306
Winsupply,Software Developer-Senior,"Moraine, OH",2 hours ago,N/A,Onsite,90.2402,76,2,True,"SQL Server, MySQL, Java, JavaScript, TypeScript, SQL, HTML, CSS, Web Service APIs, Microservices, REST API, API Integration, Test-Driven Development, Angular Framework","IBM LUW, Oracle, Mongo Atlas, Couchbase, Spring Framework, Messaging Queues, MuleSoft, MinIO S3, Vault, Elastic Search",https://www.linkedin.com/jobs/view/4405380024
Cognizant,Data Engineer - Talend & Databricks,United States,4 hours ago,$130K/yr - $150K/yr,Remote,83.0641,200,N/A,True,"Databricks, JSON, Excel, MongoDB, Relational databases, SQL Server, Java, Python, ETL processing, Query development","Talend Data Integration, Talend Data Mapper, Healthcare data formats, X12 (834/837), XML, Flat files, Oracle, Teradata, Data validation",https://careers.cognizant.com/global-en/jobs/00068079841/data-engineer-talend-databricks/?source=JB-11500
DoubleVerify,Sr Data Platforms Engineer,"New York, NY",7 hours ago,$111K/yr - $222K/yr,Hybrid,82.3441,200,5,True,"BigQuery, SQL Server, MongoDB, ETL/ELT pipelines, CI/CD pipelines, Programming - Python, Programming - Java, Programming - Go, Programming - Bash, Cloud platforms - GCP","Data warehouse technologies, Snowflake, CloudSQL, Data movement, Integration, Infrastructure as Code, Terraform, CloudFormation, Data platform tooling - Airbyte, Data platform tooling - Liquibase, Data platform tooling - dbt",https://boards.greenhouse.io/embed/job_app?token=8418859002&utm_source=jobright
"Hunter Douglas, Inc.",Mobile Application Developer,"Broomfield, CO",54 minutes ago,$119K/yr - $160K/yr,Hybrid,73.2413,25,5,True,"React Native, JavaScript, TypeScript, Java, API Integration, Performance Optimization, Cloud Platforms - GCP, Cloud Platforms - AWS","Mobile Development, Swift, Objective-C, Kotlin, IOS App Deployment, Android App Deployment, Mobile Security, Smart Home, IoT, Bluetooth Low Energy (BLE)",https://www.linkedin.com/jobs/view/4405398155
Humana,Data Engineer - Healthcare,United States,2 hours ago,$98K/yr - $134K/yr,Remote,76.9746,25,2,True,"SQL, Python, Data Analysis, Data Engineering, Microsoft Office, Azure Ecosystem","Root Cause Analysis, Healthcare Data, Electronic Health Records (EHR), Medicare Risk Adjustment, Quality Metrics (HEDIS), Snowflake Cloud, Dbt (data build tool)",https://humana.wd5.myworkdayjobs.com/centerwell_external_career_site/job/Remote-Nationwide/Data-Engineer---Healthcare_R-412659-1
nirvanaHealth | RxAdvance,Software Engineer,"Southborough, MA",5 hours ago,$70K/yr - $101K/yr,Onsite,97.2982,200,1,True,"Node.js, Express, MongoDB, API Development, Microservices Architecture, React, Angular, Unit Testing, End-to-End Testing, Integration Testing, Relational Database Management Systems, MySQL, PostgreSQL, CI/CD Pipeline, JavaScript ES6, Agile Methodology","Vue, Jest, Cypress, Oracle, Code Repositories",https://www.linkedin.com/jobs/view/4406674189
Greater New York Insurance Companies,Associate AI Engineer,"NEW JERSEY - EDISON, NJ 08837",4 hours ago,$69K/yr - $124K/yr,Hybrid,85.4021,34,1,True,"Python, AI/ML libraries, Large Language Models (LLMs), Prompt Engineering, Vector Databases, Microsoft Azure, Azure OpenAI, Azure Functions, Azure Logic Apps, Azure Kubernetes Service (AKS), API Development, CI/CD Pipelines, Git Version Control, Agile Delivery, Analytical, Troubleshooting","Retrieval-Augmented Generation (RAG) architectures, Semantic Search, Agent Orchestration Frameworks, System Integration, Data Privacy, Security, Compliance, Insurance Domain",https://www.paycomonline.net/v4/ats/web.php/portal/D25120971391831BA4315C705AA7ABF1/jobs/387329
Commure,"Senior Software Engineer, Applied AI","Mountain View, CA",4 hours ago,$150K/yr - $210K/yr,Onsite,83.9289,200,4,True,"Python, Frontend technologies, React, Typescript, Containers, Cloud, Docker, Kubernetes","Full-Stack programming, Flutter, Production environment building, Alerting, Metrics tracking, Software reliability engineering",https://jobs.ashbyhq.com/Commure/c1261830-47f0-430f-8593-6f9c1203f5e5/application?utm_source=PnDq6E4Omw&source=X34Yya61zq
Goldman Sachs,Data Engineering - Data Quality Assurance Specialist - Salt Lake City,"Salt Lake City, UT",4 hours ago,N/A,Onsite,82.1124,200,4,True,"Data querying, Data analysis, Data governance, Python, JavaScript, Analytical thinking","Data quality assurance, Data testing, Financial services domain, Transaction testing, Controls testing, Auditing, Financial regulatory reporting",https://hdpc.fa.us2.oraclecloud.com/hcmUI/CandidateExperience/en/job/165556/?utm_medium=jobshare&mode=job&iis=LinkedIn
JPMorganChase,"Software Engineer III - Infrastructure, Cloud, DevOps","8181 Communications Pkwy Bldg F, Plano, TX, 75024, US",55 minutes ago,N/A,Onsite,92.3097,46,3,True,"DevOps, Cloud Engineering, Infrastructure as Code CloudFormation, Continuous Integration, Continuous Delivery Jenkins, Continuous Delivery GitLab, Cloud Platforms AWS, Cloud Platforms Azure, Cloud Platforms GCP, Containerization Docker, Containerization Kubernetes, Python, Java","Infrastructure as Code Terraform, Infrastructure as Code Ansible, Continuous Delivery Spinnaker, Artificial Intelligence implementation in software development",https://jpmc.fa.oraclecloud.com/hcmUI/CandidateExperience/en/sites/CX_1001/job/210740370
Yahoo,Full-Stack Software Dev Engineer II,United States,14 hours ago,$111K/yr - $231K/yr,Remote,96.6983,200,3,True,"Node.js, Express, Python, Java, C++, AI/LLM integration, AI tooling, GraphQL, REST APIs, API design, PostgreSQL, SQL Server, React, Vue.js, Cloud services, AWS, GCP, Azure, CI/CD","Large-scale distributed systems, Fullstack JavaScript development, Next.js, Fastify, Go, Ruby, HTTP, Serverless architecture",https://ouryahoo.wd5.myworkdayjobs.com/en-US/careers/job/United-States-of-America/Full-Stack-Software-Dev-Engineer-II_JR0027078?source=LinkedIn
"Integress, Inc.",Machine Learning Engineer,United States,13 hours ago,N/A,Remote,90.3127,67,3,True,"Machine Learning, Deep Learning Neural Networks, AWS cloud services, Big data tools, Relational SQL databases, NoSQL databases, MySQL, Postgres, DynamoDB, Cassandra, Python, Java, SQL, Data pipelines, Data architectures, Data transformation","AWS AI/ML Services, Spark, ElasticSearch, Hadoop, Kafka, Kinesis, Scala, Metadata management, Dependency management, Workload management, Message queuing, Stream processing, AWS Machine Learning Specialty certification, AWS Solutions Architect - Associate certification",https://www.comeet.com/jobs/allcloud/71.008/machine-learning-engineer/1C.86C
Beth Israel Lahey Health,Senior Development and Operations Engineer,"Beth Israel Lahey Health, US",55 minutes ago,$89K/yr - $114K/yr,Onsite,81.4122,25,5,True,"Python, Node.js, SQL, MySQL, Amazon Web Services (AWS), Google Cloud, Docker, Kubernetes, Decision Making, Written Communications, Oral Communications, Team Work","Unix/Linux, Chef, Jenkins, DevOps Engineering, Customer Service",https://bilh.wd1.myworkdayjobs.com/external/job/Beth-Israel-Lahey-Health/Senior-Development-and-Operations-Engineer_JR94106
Mage,Full-Stack Engineer,"Santa Clara, CA",12 hours ago,N/A,Onsite,96.3544,114,N/A,True,"Python, Node.js, React, TypeScript, APIs, Databases, Cloud infrastructure, AWS, GCP, Azure, Data engineering, AI/ML infrastructure","Web architecture, Secure development practices, Product-minded",https://www.mage.ai/company/careers/full-stack-engineer
RevSpring,Senior Software Engineer - Frontend,United States,11 hours ago,N/A,Onsite,97.131,60,3,True,"Javascript, TypeScript, React, Node.js, Software Design Patterns, Unit Testing, Functional Testing, Web Fundamentals, Cloud Deployment","Webpack, Gulp",https://recruitingbypaycor.com/career/JobIntroduction.action?clientId=8a7883d0798f66af0179905b7890010b&id=8a78859e9c72dc3f019c9c3d2ff17e82&source=&lang=en
Amplify,Software Engineer (Contractor),United States,4 hours ago,$70/hr - $70/hr,Remote,95.0514,165,3,True,"JavaScript frameworks, React, Software design principles, Software development, Server-side development, Node.js, Database technologies, MongoDB, Cloud environments, AWS, GCP, Azure, TypeScript, Express, AI technologies, Large language models, Automated testing frameworks","Complex systems, Large codebases, Nx, ESBuild, Agentic coding tools, Jest, WebdriverIO",https://amplify.wd1.myworkdayjobs.com/Amplify_Careers/job/Remote---United-States/Software-Engineer--Contractor-_Req_12658?source=LinkedIn
Ironclad,AI Engineer,"San Francisco, CA",6 hours ago,$150K/yr - $180K/yr,Hybrid,83.3378,200,N/A,True,"Large language models, Vector databases, Machine learning model training, Machine learning model evaluation, Machine learning model serving, Python, RESTful APIs, Natural language processing (NLP), Text classification, AI frameworks, Cloud platforms, Google Cloud Platform (GCP), Amazon Web Services (AWS), Microsoft Azure, Version control systems, Git, Software engineering fundamentals","Retrieval-augmented generation (RAG) systems, Embedding models, Backend service development, Entity extraction, Document understanding, Question answering, PyTorch, TensorFlow, HuggingFace, OpenAI APIs, LangChain",https://jobs.ashbyhq.com/ironcladhq/683508f2-85c0-4d73-8dbc-c4ea54712f63/application
SambaNova,Software Engineer,"San Jose, California, United States",4 hours ago,N/A,Onsite,97.1689,78,4,True,"Software Engineering, Python, Unit testing, Integration testing, End-to-end testing, Kubernetes, Software development best practices, Coding standards","Go, Rust, Kubernetes Operator pattern",https://boards.greenhouse.io/embed/job_app?token=5817837004&utm_source=jobright
Bamboo Health,Software Engineer,United States,12 hours ago,N/A,Remote,89.3828,200,2,True,"Java, Object-oriented development, Relational database design, SQL, AWS, Public cloud environments, JavaScript, AI-supported tools, Analytical skills","ORM, Spring Boot, Automated testing, Curiosity, Judgment",https://ats.rippling.com/bamboo-health-careers/jobs/9f54b0ae-2b18-4f3d-90bc-3d2c4e83110e
TTX Company,Data Engineer,"Charlotte, NC",6 hours ago,$77K/yr - $100K/yr,Onsite,92.7487,200,2,True,"Data Integration, Data Modeling, Data Quality, Data Engineering, SQL, Python, Power BI, Azure Synapse, Data Pipelines, ETL/ELT, API Design, Data Governance, Data Analytics, Data Science Integration","Microsoft SSIS, Microsoft SSAS, Azure Fabric, Change Data Capture (CDC), Development, Data Replication",https://www.linkedin.com/jobs/view/4403748761
Ritchie Bros.,Software Engineer,"Westchester, IL",11 hours ago,N/A,Hybrid,95.0594,191,3,True,"React, Microsoft Azure, Azure App Services, Azure SQL, Azure Storage, SQL Server, PostgreSQL, Query optimization, Performance tuning, RESTful API design, Agile, Scrum, Software development lifecycle, Docker, Container orchestration",".NET Framework, .NET Core, C#, Azure Service Bus, Database schema design, AI-assisted development tools",https://fa-exew-saasfaprod1.fa.ocs.oraclecloud.com/hcmUI/CandidateExperience/en/job/9160/?utm_medium=jobshare&codes=JBLI&utm_campaign=HR-talentacquisition-LinkedIn-13-26&utm_medium=social-paid&utm_source=linkedin.com
Mage,Front-End Engineer,"Santa Clara, CA",12 hours ago,N/A,Onsite,86.5697,98,N/A,True,"React, TypeScript, Modern web tooling, Data visualization, Performance optimization, Design systems","State management, Motion design, UX flow",https://www.mage.ai/company/careers/front-end-engineer
Genesys,"Sr. Software Engineer, Full Stack — Agentic AI",United States,6 hours ago,$116K/yr - $203K/yr,Remote,80.815,62,5,True,"Frontend development, API design, TypeScript, JavaScript, Java, Python, Node.js, Large language models, Autonomous tool usage, AWS, AWS Lambda, AWS ECS, Ownership mindset","Full stack development, Backend development, Agentic system design, Multi step reasoning, Planning structures, Evaluation techniques for AI systems, AWS Fargate, Self direct, Execute, Deliver results in ambiguous environments",https://genesys.wd1.myworkdayjobs.com/genesys/job/Virtual-Office-Texas/Sr-Software-Engineer--Full-Stack---Agentic-AI_JR110668
Genworth,Senior Data Engineer,United States,2 hours ago,$115K/yr - $227K/yr,Remote,75.2561,25,7,True,"Python, SQL, Databricks, ETL/ELT design, Data modeling, Data quality practices, Distributed data processing, Data pipeline engineering, Data observability, Data security, RBAC","Spark, Delta Lake, Lakehouse architecture, Data validation, Anomaly detection, Data privacy, PII handling",https://careers.genworth.com/us/en/job/GFOGFYUSREQ260132EXTERNALENUS/Senior-Data-Engineer?utm_source=linkedin&utm_medium=phenom-feeds
JPMorganChase,Software Engineer II - ReactJS,"450 W 33rd St, New York, NY, 10001, US",4 hours ago,$119K/yr - $150K/yr,Onsite,92.6426,96,2,True,"Software Engineering Concepts, System Design, Testing, ReactJS, Typescript, JavaScript, HTML, CSS, Database Querying, Software Development Life Cycle, Agile Methodologies, CI/CD, Cloud Technologies, Object-Oriented Programming, Java","Application Development, Operational Stability, Application Resiliency, Security, Spring Boot",https://jpmc.fa.oraclecloud.com/hcmUI/CandidateExperience/en/sites/CX_1001/job/210740775
Ironclad,Senior Software Engineer - Search and Discovery,"San Francisco, CA",9 hours ago,$180K/yr - $200K/yr,Hybrid,89.5622,200,4,True,"JavaScript, TypeScript, ReactJS, Node.js, Front-end architecture, Testing strategy, Docker, Kubernetes, Google Cloud Platform","UI performance optimization, Accessible user interfaces, Mobile-friendly interfaces, Cross-team communication",https://jobs.ashbyhq.com/ironcladhq/8f85abf1-c8ab-4868-a6a1-2720d2433db5/application
Goldman Sachs,Software Development Engineer | Dallas | 2026,"Dallas, TX",7 hours ago,N/A,Onsite,93.1071,200,2,True,"Java, C++, Python, Concurrency, React, Angular, Redux, JavaScript, NoSQL Databases, MongoDB, MS Office","Memory Management, Elastic Search, Self-direction, Commercial Savvy",https://hdpc.fa.us2.oraclecloud.com/hcmUI/CandidateExperience/en/job/154310/?utm_medium=jobshare&mode=job&iis=LinkedIn
Resolve Tech Solutions,Full Stack Engineer,"Texas, United States",6 hours ago,N/A,Onsite,94.0295,200,3,True,"Frontend frameworks - React, Frontend frameworks - Angular, Frontend frameworks - Vue, Backend frameworks - Node.js/Express, Relational databases - PostgreSQL, Relational databases - MySQL, NoSQL databases - MongoDB, RESTful APIs, GraphQL, Containerization - Docker, Container orchestration - Kubernetes, Cloud platforms - AWS, Cloud platforms - Azure, Cloud platforms - GCP, Version control - Git, CI/CD pipelines, Microservices, Automated testing frameworks","Backend frameworks - Django, Backend frameworks - Spring Boot, Backend frameworks - .NET Core, Distributed systems, Message queues - Kafka, Message queues - RabbitMQ, Message queues - SQS",https://www.linkedin.com/jobs/view/4403766372
Kiewit,Data Engineer-Kiewit Nuclear Solutions,United States,4 hours ago,$136K/yr - $142K/yr,Remote,85.582,67,6,True,"Data Engineering, Data Analytics, Azure Databricks, Azure Data Lake, Azure Data Factory, SQL Server, Python, Git, Data Modeling, ETL/ELT Pipelines, Performance Optimization, Data Governance","Data Warehousing, PySpark, Spark SQL, Snowflake, Data Quality Frameworks, Troubleshooting Data Workflows",https://www.linkedin.com/jobs/view/4393487868
Zoom,Senior Software Engineer,"San Jose, CA",6 hours ago,$99K/yr - $229K/yr,Hybrid,89.4097,36,5,True,"Java, Microservices Architecture, RESTful APIs, AWS, Azure, GCP, SQL, NoSQL, MySQL, DynamoDB, MongoDB, Cloud infrastructure, Multi-threaded concurrent programming, AI agent design, Strategic thinking","Spring Boot, Spring MVC, Elasticsearch, AI-powered coding, Testing tools, Development",https://zoom.wd5.myworkdayjobs.com/Zoom/job/San-Jose-CA/Senior-Software-Engineer_R19057-1?source=linkedin
Acosta,Senior Data Engineer - Palantir Foundry,"Dallas, TX",4 hours ago,N/A,Hybrid,89.9115,25,4,True,"Data Engineering, Software Engineering, Python, SQL, Data Modeling, Data Governance, Data Quality","Palantir Foundry, Distributed Processing Frameworks, Spark, PySpark, Enterprise Data Architecture",https://eczy.fa.us2.oraclecloud.com/hcmUI/CandidateExperience/en/sites/CX_1/job/26459/?utm_medium=jobshare&utm_source=External+Job+Share
Nomi Health,Software Engineer (Backend),United States,6 hours ago,N/A,Remote,95.9476,79,3,True,"Java, C++, API development, AWS, SQL, NoSQL, Docker, Kubernetes","Go, Backend service development, Distributed systems",https://jobs.lever.co/nomihealth/02209b2a-6117-4be1-9871-10f22361a81f/apply?utm_source=jobright
RRD,IL0207-Software Engineer II,United States,3 hours ago,$118K/yr - $118K/yr,Remote,90.3526,83,2,True,"Web technologies, Web services, Java, C++, SQL databases, HTML, CSS, JavaScript, Angular, MySQL, REST, Git, Microservices","Web-based UI, Back-end programming, C#, Microsoft platform technologies, Java platform technologies, Spring Boot, GRPC",https://jobs.smartrecruiters.com/RRDonnelley/744000122743119-il0207-software-engineer-ii
Electronic Arts (EA),AI Enablement Engineer,"Austin, TX",4 hours ago,CA$122K/yr - CA$171K/yr,Hybrid,82.0932,200,4,True,"Python, JavaScript, HTML, CSS, Agentic AI software engineering, Prompt engineering, AI agents, AI assistants, Vector databases, Model tuning, Model evaluation, Model benchmarking, Cloud services, AWS, Azure, GCP, Microservices design, CI/CD, Software engineering","C#, Context engineering, Agentic architectures, Tool calling, Model Context Protocol (MCP), Retrieval-Augmented Generation (RAG), Embeddings, Model guardrails, Enterprise architecture, Telemetry, Infrastructure as code",https://jobs.ea.com/en_US/careers/JobDetail/AI-Enablement-Engineer/211565?source=LinkedIn
Citi,Applications Development Java Programmer – Assistant Vice President,"New Castle, DE",5 minutes ago,$107K/yr - $161K/yr,Onsite,81.7525,25,5,True,"Java, API design, Cloud engineering, RESTful APIs, SQL, NoSQL databases, MongoDB, Cloud-native technologies, Kubernetes, Clean code principles, Design patterns, Software development lifecycle, Agile methodologies, DevOps practices, CI/CD pipelines","Spring Framework, Spring Boot, Oracle, OpenShift, Messaging systems, MQ, Kafka, Systems analysis, Financial domain - Payments, Work autonomously",https://ad.doubleclick.net/ddm/trackclk/N4789.466581LINKEDIN.COM/B31905749.393702677;dc_trk_aid=614240951;dc_trk_cid=235979136;dc_lat=;dc_rdid=;tag_for_child_directed_treatment=;tfua=;ltd=;dc_tdv=1;dc_transparent=1;?https://jobs.citi.com/job/-/-/287/94342680368?source=APPLICANT_SOURCE-3-354&utm_medium=job_posting&utm_campaign=nam_experienced&utm_content=social_media&utm_term=393702677&ss=paid&utm_source=linkedin
AIG,"Senior Manager, Data Engineering","Bedford, NH",40 minutes ago,N/A,Onsite,79.1394,25,2,True,"Metadata-driven ETL frameworks, AWS, Generative AI, Data engineering automation","Pyspark, Informatica IICS, Cloud-native data architecture, Snowflake, Code Whisperer",https://aig.wd1.myworkdayjobs.com/aig/job/NH-Bedford/Senior-Manager--Data-Engineering_JR2601893-1?source=LinkedIn
Kuvare Holdings,Digital Developer,"Cedar Rapids, IA",5 minutes ago,N/A,Onsite,87.3496,25,N/A,True,"JQuery, HTML, CSS, JavaScript, Angular Framework, Restful APIs, SQL","C#, Bootstrap, Active Reports, TFS (source control), Data privacy practices",https://ats.rippling.com/kuvare-jobs/jobs/5effaf32-19f4-404b-a3ec-e01c7810bb94
Rubrik,Software Engineer - Ruby AI,"Palo Alto, CA",2 hours ago,$152K/yr - $229K/yr,Hybrid,93.6588,63,3,True,"Python, Java, C++, AI-powered applications, AI/ML technologies, API design, API debugging, GraphQL, REST","Go, API testing, GRPC, Clear written",https://boards.greenhouse.io/embed/job_app?token=7844075&utm_source=jobright
Redwood Living,AI Developer I,"Independence, OH",10 hours ago,N/A,Onsite,92.0451,25,N/A,True,"Microsoft Power Platform, Power BI, Power Apps, Dataverse, Machine Learning, AI Application Patterns, Relational Data Modeling, REST APIs, JSON, Model Evaluation, Analytical Thinking","Respectfulness, Empathy, Business Acumen",https://workforcenow.adp.com/mascsr/default/mdf/recruitment/recruitment.html?cid=fd38af2b-a890-4549-ad45-f41db5f15281&ccId=9200390725977_2&jobId=624970&source=LR&lang=en_US&source=LI&source=LI
Aura,"Software Engineer, Backend",United States,6 hours ago,N/A,Remote,88.4049,64,4,True,"Python, Containers, Docker, Kubernetes, Cloud Environments, AWS, Git","Backend Development, Linux, Terraform",https://boards.greenhouse.io/embed/job_app?token=5837490004&utm_source=jobright
JPMorganChase,Software Engineer II - Cloud FinOps and Technology Delivery Engineer,"8181 Communications Pkwy Bldg F, Plano, TX, 75024, US",59 minutes ago,N/A,Onsite,91.0889,25,2,True,"Software engineering, Cloud computing, AWS, Azure, GCP, Data analysis, Excel, SQL, Agile methodology, Analytical skills","Cloud operations, Financial analysis, Tableau, Jira, Confluence, Curiosity",https://jpmc.fa.oraclecloud.com/hcmUI/CandidateExperience/en/sites/CX_1001/job/210739146
Mastercard,Software Engineer II,"O'Fallon, MO",7 hours ago,$92K/yr - $147K/yr,Hybrid,97.3913,200,N/A,True,"Java, CI/CD, Git, Cloud platforms, AWS, Docker, HTML, JavaScript, Angular, React, SQL, NoSQL, PostgreSQL, RESTful APIs, Microservices architecture, Object-oriented programming, Software design patterns, System performance optimization, Algorithms, Data structures, Agile, Scrum","Spring Boot, Apache Kafka, Event driven architecture, Jenkins, PCF, Distributed systems, Kanban",https://careers.mastercard.com/us/en/job/MASRUSR269309EXTERNALENUS/Software-Engineer-II?utm_source=linkedin&utm_medium=phenom-feeds&source=LINKEDIN
RevSpring,Software Engineer I - Enrichment,"Columbus, OH",11 hours ago,N/A,Onsite,97.131,45,1,True,"Python, Object-Oriented Programming, Relational Databases, NoSQL Databases, Git, Docker, Cloud Infrastructure, Data Handling, Clean Code Development","Networking Fundamentals, Security Best Practices",https://recruitingbypaycor.com/career/JobIntroduction.action?clientId=8a7883d0798f66af0179905b7890010b&id=8a78859f9d4aea0c019d8c8631e43c7f&source=&lang=en
Commure,"Fullstack Engineer, Integrations","Mountain View, CA",3 hours ago,$135K/yr - $200K/yr,Hybrid,86.1219,200,2,True,"JavaScript, HTML, CSS, Python, C++, Git, Google Cloud Platform, Amazon Web Services, Docker, Kubernetes, Relational Databases, Non-relational Databases","Go, Monitoring, Alerting Tools, Healthcare Integration, HL7, FHIR, HIPAA Compliance",https://jobs.ashbyhq.com/Commure/39e07152-a3d2-47c0-8c5b-36e8b3a6cdf5/application?utm_source=PnDq6E4Omw&source=X34Yya61zq
USAA,AI/ML Engineer II,"Phoenix Campus (Main), US",2 hours ago,N/A,Onsite,80.7424,25,2,True,"NumPy, BigQuery, HTML, CSS, Scikit-learn, NLTK, Google Cloud Platform, Cloud Storage, Microsoft Azure, AWS S3, AWS EC2, GitLab CI/CD, Docker","Pandas, PySpark, Snowflake SQL, XGBoost, TensorFlow, PyTorch, Vertex AI, Snowflake Snowpark, OpenShift, Apache Airflow, Control-M, FastAPI, Flask, Domino",https://usaa.wd1.myworkdayjobs.com/USAAJOBSWD/job/Phoenix-Campus-Main/AI-ML-Engineer-II_R0117273
IBM,Associate Data Engineer – Client Innovation Center (Entry Level),"Lansing, MI",6 hours ago,N/A,Onsite,97.4018,200,N/A,True,"Computer science fundamentals, Data structures, Algorithms, Python, SQL, Data manipulation tools, ETL/ELT concepts, Relational databases, Data modeling, Version control, Analytical skills","Cloud data platforms, Apache Spark, PySpark, Modern data warehouse technologies, Learn quickly",https://ibmglobal.avature.net/en_US/careers/JobDetail?jobId=87015&src=SN_LinkedIn
OneMagnify,AI Engineer,United States,7 hours ago,N/A,Remote,88.5664,200,2,True,"Data Science, Artificial Intelligence, Large Language Models, Object-oriented programming, DataBricks, Data analytics, Python, SQL, PowerBI, Project management","Business intelligence tools, R, Domo, Tableau",https://onemagnify.wd5.myworkdayjobs.com/OneMagnify_Careers/job/Remote/AI-Engineer_R1995?source=LinkedIn
Gamma,UI Engineer,"San Francisco, CA",6 hours ago,$180K/yr - $275K/yr,Hybrid,92.1878,27,3,True,"React, CSS, CSS Flexbox, CSS Grid, CSS Animations, CSS Transforms, Cross-browser compatibility, Performance optimization","Animation libraries, Accessible component libraries, UI design systems, Building complex interactive UIs",https://jobs.ashbyhq.com/gamma/04e7a228-b432-46f0-84b5-fc47b05f6790?source=LinkedIn
FICO,"Sr Software Engineer (Java, Streaming)",United States,12 hours ago,$122K/yr - $192K/yr,Remote,86.0347,200,N/A,True,"Software Design Principles, Java, Software Design Patterns, Cloud Deployment Models, Kubernetes, Docker, MySQL, Microservice Architecture, Data Flow Concepts, Multi-cloud Platforms, Coaching","Software Architecture, Spring Framework, Open-source Technologies, Oracle, Stream Processing Platforms, Domain-driven Design, Event-driven Architecture",https://fico.wd1.myworkdayjobs.com/en-US/External/job/Work-from-Home-United-States/Sr-Software-Engineer--Java--Streaming-_31383?source=LinkedIn
Metrolina Greenhouses,Junior Software Engineer,"Huntersville Salary, Huntersville, NC, US",5 hours ago,N/A,Hybrid,88.9318,74,0,True,"Object-oriented programming, Java, Software development fundamentals, Version control, Debugging, Unit testing, RESTful APIs, JSON, SQL, Relational databases, Data transformation, Data mapping","C#, .NET Core, HTTP methods, XML, Data validation",https://workforcenow.adp.com/mascsr/default/mdf/recruitment/recruitment.html?cid=c21fbcfb-994b-4c7a-8ab0-2c20bd60bcdd&jobId=9201839106394_1
NetJets,"Software Engineer, Associate (NJUS)","Columbus, OH",3 hours ago,N/A,Onsite,96.8787,72,2,True,"Java, C++, JavaScript, Python, Cloud services - AWS, Web development, Agile methodologies",Mobile development,"https://netjets.jobs.hr.cloud.sap/us/job/Columbus-Software-Engineer,-Associate-(NJUS)-OH-43219/1374174100/?feedId=386400&utm_source=LinkedInJobPostings&utm_campaign=NJUS_LinkedIn&src=LinkedIn"
Kuvare Holdings,Digital Developer,"Des Moines, IA",35 minutes ago,N/A,Onsite,84.6705,33,N/A,True,"JQuery, HTML, CSS, JavaScript, Angular Framework, Restful APIs, SQL","C#, Bootstrap, Active Reports, TFS, Data Privacy Practices",https://ats.rippling.com/kuvare-jobs/jobs/5effaf32-19f4-404b-a3ec-e01c7810bb94
Gamma,"Software Engineer, Full Stack","San Francisco, CA",7 hours ago,$180K/yr - $275K/yr,Hybrid,94.0412,83,3,True,"Full-stack web development, TypeScript, React, Node.js, Large Language Models (LLMs), Prompt engineering, AI/ML systems, Frontend engineering, API design, Self-driven mindset","State management, Image generation models, Curiosity",https://jobs.ashbyhq.com/gamma/068f61d9-3dad-4564-9bca-7b4547e69e55?source=LinkedIn
Shake Shack,Analytics Engineer – Data Quality Lead,"New York, NY",9 hours ago,$122K/yr - $160K/yr,Hybrid,95.6449,27,3,True,"Analytics Engineering, Data Modeling, SQL, Dbt, Data Quality Monitoring, Version Control (Git), Software Engineering Best Practices, Data Observability Platforms, CI/CD Pipeline Concepts, Python","Cloud Data Warehouses, AI Coding Assistants, Data Orchestration Tools, Business Intelligence Tools, Machine Learning Workflows, Stakeholder Management",https://jsv3.recruitics.com/redirect?rx_cid=3568&rx_jobId=JR12307-1&rx_url=https%3A%2F%2Fcareers.shakeshack.com%2Fanalytics-engineer-data-quality-lead%2Fjob%2FP1-5247522-0%3Frx_id%3D1dee3bb0-3a9b-11f1-b853-77aa7e9d4a1b%26rx_job%3DJR12307-1%26rx_medium%3Dpost%26rx_paid%3D0%26rx_r%3Dnone%26rx_source%3Dlinkedin%26rx_ts%3D20260424T125007Z
ZoomInfo,Senior Data Pipeline Analyst,"Vancouver, WA",4 hours ago,$102K/yr - $161K/yr,Hybrid,92.1621,120,5,True,"Data pipelines, ETL systems, Data processing infrastructure, Python, SQL, Code analysis, Data transformations, Data profiling, Data matching","Technical architecture, Entity resolution, Record linkage",https://www.zoominfo.com/careers?gh_jid=8408632002&gh_src=d14a9e1e2
Cognizant,.Net Solution Architect,"Stratford, CT",4 hours ago,$110K/yr - $130K/yr,Onsite,83.0107,25,N/A,True,"AWS Cloud, Microservices Architecture, RESTful API Design, API Integration, Angular, Microsoft SQL Server, PostgreSQL, Jenkins CI/CD, Design Patterns","C#, .NET Core Framework, Distributed Systems, Disaster Recovery Design, SOLID Principles, Enterprise Architecture",https://careers.cognizant.com/global-en/jobs/00067763471/net-solution-architect/?source=JB-11500
