Match Score,Company,Title,Location,Work Model,Salary,Min YOE,H1B Sponsor,Publish Time,Matched Skills,Missing Skills,URL,Fetched Date
98,Salesforce,Software Engineering AMTS (College Grad),"Palo Alto, CA",Onsite,$110K/yr - $153K/yr,N/A,TRUE,6 hours ago,"Object-oriented programming, Java, Python, JavaScript, HTML, SQL, C++, Software development process, Software design, Software testing, Code coverage, Automation frameworks","Software architecture, Test automation",https://salesforce.wd12.myworkdayjobs.com/External_Career_Site/job/California---San-Francisco/Software-Engineering-AMTS-MTS--College-Grad-_JR330400-1?source=LinkedIn_Jobs,4/22/2026
98,Chewy,Business Intelligence Engineer I,"Richardson, TX",Onsite,N/A,N/A,TRUE,3 hours ago,"SQL, Relational databases, Python, Data visualization tools, Cloud computing platforms, Data analysis, Data pipelines, A/B testing, Statistical analysis","Data validation, Data quality checks, Predictive modeling",https://careers.chewy.com/us/en/job/CHINUSR29394EXTERNALENUS/Business-Intelligence-Engineer-I?utm_source=linkedin&utm_medium=phenom-feeds?gh_src=o8ua3y1,4/22/2026
98,Just Appraised,Software Engineer - AI,United States,Remote,N/A,2,TRUE,11 hours ago,"Python, Relational databases, SQL, PostgreSQL, Cloud infrastructure, AWS, Large Language Models, API design, Data modeling, Relational database design, Testing methodologies, Version control, Git, Containerization, Docker, CI/CD, GitHub Actions, Automated testing frameworks",RAG pipelines,https://ats.rippling.com/just-appraised-jobs/jobs/33e3751c-1335-4c2e-93df-00dec7b659eb?jobSite=LinkedIn,4/22/2026
98,Maven Robotics,Software Engineer - DevOps and MLOps,"San Francisco Bay Area, California USA",Onsite,N/A,N/A,TRUE,17 hours ago,"CI/CD systems, Cloud platforms, Containerization technologies, Automation tools, Version control systems, Programming languages - Python, Programming languages - Go, Programming languages - Java, Self-starter attitude",Multi-language build systems,https://boards.greenhouse.io/embed/job_app?token=4632905008&utm_source=jobright,4/22/2026
98,Aptos Retail,Software Developer L2,"Elkhart County, IN",Onsite,N/A,1,TRUE,12 hours ago,"JavaScript, TypeScript, Node.js, React Native, Web application development frameworks, RESTful API design, Git, Relational databases, NoSQL databases, Unit testing, Integration testing",,https://aptos.wd108.myworkdayjobs.com/Aptos/job/IN-Bangalore-Office/Software-Developer-L2_JR100104?source=LinkedIn,4/24/2026
98,IBM,Software Developer 2026 ELH,"San Jose, CA",Hybrid,N/A,N/A,TRUE,6 hours ago,"Software development, Programming languages, Data structures, Algorithms, Debugging, Front-end technologies, Git, Cloud computing, Containers, REST APIs, Databases, CI/CD pipelines, Agile development, Analytical thinking",Back-end technologies,https://ibmglobal.avature.net/en_US/careers/JobDetail?jobId=91689&src=SN_LinkedIn,4/24/2026
98,Vanderbilt University Medical Center,Data Engineer (Remote Available),United States,Remote,N/A,2,TRUE,6 hours ago,"Python, Object-oriented programming, Cloud solutions - Azure, Cloud solutions - AWS, Cloud solutions - GCP, SQL, REST data services, APIs, Microservices, Git, Containerization - Docker, Containerization - Podman, Databricks, CI/CD automation, GitLab, GitHub, Analytical mindset","C#, Apache Spark, PowerShell, Bash, Infrastructure as Code - Terraform, Azure DevOps",https://vumc.wd1.myworkdayjobs.com/vumccareers/job/Nashville-TN/Data-Engineer--Remote-Available-_R-55691?src=sns-10000&source=LinkedIn,4/24/2026
98,Microsoft,Software Engineer,United States,Remote,$84K/yr - $165K/yr,1,TRUE,4 hours ago,"C, C++, Java, JavaScript, Python",C#,https://apply.careers.microsoft.com/careers/job/1970393556620143?utm_source=linkedin&domain=microsoft.com&src=LinkedIn,4/24/2026
98,"Arlo Technologies, Inc.",Sr. Data Engineer,"Milpitas, CA",Hybrid,$115K/yr - $155K/yr,3,TRUE,8 hours ago,"SQL, Databricks, Data Engineering, Analytics Engineering, Data Modeling, ETL, Data Quality, BI Concepts, Data Pipeline Development","Dimensional Modeling, Metric Definitions",https://arlo.wd12.myworkdayjobs.com/External_Careers/job/Milpitas-CA/Sr-Data-Engineer_JR100321?source=LinkedIn,4/24/2026
97.4018,IBM,Associate Data Engineer – Client Innovation Center (Entry Level),"Lansing, MI",Onsite,N/A,N/A,TRUE,6 hours ago,"Computer science fundamentals, Data structures, Algorithms, Python, SQL, Data manipulation tools, ETL/ELT concepts, Relational databases, Data modeling, Version control, Analytical skills","Cloud data platforms, Apache Spark, PySpark, Modern data warehouse technologies, Learn quickly",https://ibmglobal.avature.net/en_US/careers/JobDetail?jobId=87015&src=SN_LinkedIn,4/24/2026
97.3913,Mastercard,Software Engineer II,"O'Fallon, MO",Hybrid,$92K/yr - $147K/yr,N/A,TRUE,7 hours ago,"Java, CI/CD, Git, Cloud platforms, AWS, Docker, HTML, JavaScript, Angular, React, SQL, NoSQL, PostgreSQL, RESTful APIs, Microservices architecture, Object-oriented programming, Software design patterns, System performance optimization, Algorithms, Data structures, Agile, Scrum","Spring Boot, Apache Kafka, Event driven architecture, Jenkins, PCF, Distributed systems, Kanban",https://careers.mastercard.com/us/en/job/MASRUSR269309EXTERNALENUS/Software-Engineer-II?utm_source=linkedin&utm_medium=phenom-feeds&source=LINKEDIN,4/24/2026
97.3893,RAPP,Data Engineer,Greater Chicago Area,Hybrid,$81K/yr - $97K/yr,1,TRUE,8 hours ago,"Python, AWS Lambda, DynamoDB, Dbt, CI/CD workflows, Git, DevOps practices","Apache Airflow, Cloud environments - AWS",https://app.greenhouse.io/embed/job_app?token=7621964&gh_src=4b13b93a1us,4/22/2026
97.3271,Salesforce,Full-Stack Software Engineer: Mid and Senior,"Bellevue, WA",Hybrid,$96K/yr - $314K/yr,3,TRUE,6 hours ago,"Object Oriented Programming, Java, JavaScript, C++, Python, NodeJS, Express, Web Technologies, CSS, HTML5, JSON, Database Technologies, SQL, PL/SQL, Relational Database Schema Design, Unit Testing, Functional Testing, JUnit","C#, Ruby, Hapi, XML, Ajax, Automated Testing, JSUnit, Selenium",https://salesforce.wd12.myworkdayjobs.com/External_Career_Site/job/California---San-Francisco/Full-Stack-Software-Engineer---MTS---SMTS_JR253369?source=LinkedIn_Jobs,4/22/2026
97.2982,nirvanaHealth | RxAdvance,Software Engineer,"Southborough, MA",Onsite,$70K/yr - $101K/yr,1,TRUE,5 hours ago,"Node.js, Express, MongoDB, API Development, Microservices Architecture, React, Angular, Unit Testing, End-to-End Testing, Integration Testing, Relational Database Management Systems, MySQL, PostgreSQL, CI/CD Pipeline, JavaScript ES6, Agile Methodology","Vue, Jest, Cypress, Oracle, Code Repositories",https://www.linkedin.com/jobs/view/4406674189,4/24/2026
97.2788,Axle,Jr. Data Science Engineer,"Rockville, MD",Onsite,$80K/yr - $90K/yr,N/A,TRUE,12 hours ago,"JavaScript, TypeScript, Python, Node.js, Angular, RESTful APIs, Version control - Git, Agile development methodologies, Testing frameworks, Debugging, Data science concepts",Full-stack development,https://www.linkedin.com/jobs/view/4392410864,4/22/2026
97.2745,Aurora,"Software Engineer I, Visualization","Mountain View, CA",Hybrid,$116K/yr - $160K/yr,N/A,TRUE,12 hours ago,"Computer Science fundamentals, Software engineering, TypeScript, JavaScript, React",Empathy,https://aurora.tech/jobs/8372578002?gh_src=b6049de52us,4/22/2026
97.266,Holman,Developer III,United States,Remote,$105K/yr - $150K/yr,3,TRUE,4 hours ago,"React, CSS, JavaScript, ES6+, RESTful API design, API integration, Agile methodologies, Scrum, Git, Software development lifecycle, Java, Python/Django, Node.js, Azure SQL Server, PostgreSQL, MySQL, Azure, AWS, GCP, Artificial Intelligence, CI/CD pipelines","Backend development, .NET framework, Oracle",https://holmanautogroup.wd1.myworkdayjobs.com/holmanenterprisescareers/job/Remote-NJ-US/Developer-III_R0054729,4/24/2026
97.2558,Apex Fintech Solutions,Software Engineer I (Java),"Austin, TX",Hybrid,N/A,2,TRUE,13 hours ago,"Java, Python, RDBMS, SQL",Go,https://apexfintechsolutions.ongig.com/jobs/technology/austin-texas-united-states-of-america/software-engineer-i-java-/JR104035?utm_source=linkedin&utm_medium=referral&utm_campaign=ongig-job-aggregators&group=1961&source=LinkedIn,4/22/2026
97.2558,Apex Fintech Solutions,Software Engineer I,"Austin, TX",Hybrid,N/A,1,TRUE,10 hours ago,"Object-oriented programming, RDBMS, SQL",Golang,https://apexfintechsolutions.ongig.com/jobs/technology/austin-texas-united-states-of-america/software-engineer-i/JR104657?utm_source=linkedin&utm_medium=referral&utm_campaign=ongig-job-aggregators&group=1961&source=LinkedIn,4/22/2026
97.2337,WVU Medicine,Associate Machine Learning Engineer,United States,Remote,N/A,1,TRUE,6 minutes ago,"Machine learning, Python, CI/CD, Docker, Generative AI, Large language models, Prompt engineering, Data processing, Model training, API integration, Data analysis",Sensitive data management,https://wvumedicine.wd1.myworkdayjobs.com/WVUH/job/Information-Technology-Center/Associate-Machine-Learning-Engineer_JR26-33587/apply?source=LinkedIn,4/24/2026
97.1689,SambaNova,Software Engineer,"San Jose, California, United States",Onsite,N/A,4,TRUE,4 hours ago,"Software Engineering, Python, Unit testing, Integration testing, End-to-end testing, Kubernetes, Software development best practices, Coding standards","Go, Rust, Kubernetes Operator pattern",https://boards.greenhouse.io/embed/job_app?token=5817837004&utm_source=jobright,4/24/2026
97.1619,Empassion Health,Data Engineer (East Coast Remote),United States,Remote,$120K/yr - $160K/yr,2,TRUE,7 hours ago,"Data Engineering, Analytics Engineering, SQL, Python, Google Cloud Platform, BigQuery, Cloud Storage, AWS, Azure, Dbt, Data Modeling, Unit Testing, Data Pipeline Automation","Cloud Data Warehouses, Cloud Composer, Healthcare Data",https://jobs.lever.co/empassion.com/a87d1a09-99f1-4cb1-8550-37e39e356618/apply?utm_source=jobright,4/24/2026
97.1368,Enhance IT,Big Data Developer,NYC Metro Area,Onsite,N/A,N/A,TRUE,4 hours ago,"Big Data Frameworks, Python, Java, ETL Processes, SQL, Cloud Platforms, Data Structures, Algorithms, Data Formats","Scala, Distributed Systems",https://www.linkedin.com/jobs/view/4405355735,4/24/2026
97.131,RevSpring,Senior Software Engineer - Frontend,United States,Onsite,N/A,3,TRUE,11 hours ago,"Javascript, TypeScript, React, Node.js, Software Design Patterns, Unit Testing, Functional Testing, Web Fundamentals, Cloud Deployment","Webpack, Gulp",https://recruitingbypaycor.com/career/JobIntroduction.action?clientId=8a7883d0798f66af0179905b7890010b&id=8a78859e9c72dc3f019c9c3d2ff17e82&source=&lang=en,4/24/2026
97.131,RevSpring,Software Engineer I - Enrichment,"Columbus, OH",Onsite,N/A,1,TRUE,11 hours ago,"Python, Object-Oriented Programming, Relational Databases, NoSQL Databases, Git, Docker, Cloud Infrastructure, Data Handling, Clean Code Development","Networking Fundamentals, Security Best Practices",https://recruitingbypaycor.com/career/JobIntroduction.action?clientId=8a7883d0798f66af0179905b7890010b&id=8a78859f9d4aea0c019d8c8631e43c7f&source=&lang=en,4/24/2026
97.0883,"Schepmont Group, LLC",Software Engineer,"Seattle, WA",Onsite,$100K/yr - $130K/yr,N/A,TRUE,3 hours ago,"Java, Python, JavaScript, C++, Software development principles, System design, Web technologies, APIs, Databases, Cloud platforms",,https://www.linkedin.com/jobs/view/4405367306,4/24/2026
97.0582,Procore Technologies,Software Engineer I (Datagrid),San Francisco Bay Area,Hybrid,$110K/yr - $152K/yr,1,TRUE,7 hours ago,"TypeScript, Python, LLM application development, AI agent systems, Software development, Code quality, Testing",Independent work management,https://careers.procore.com/jobs/software-engineer-i-datagrid-bay-area-california-united-states-723f1d65-c90d-4e83-bea5-c8f39ca4fc33?source=linkedin_limited_listing&utm_source=linkedin_limited_listing,4/22/2026
97.0318,CVS Health,Software Development Engineer (AI Engineering),"TX - Richardson, US",Hybrid,$72K/yr - $144K/yr,1,TRUE,5 hours ago,"Python, Large Language Models (LLMs), Vector databases, Cloud platforms, Git version control, Agentic AI frameworks, Containerization, CI/CD pipelines, Prompt engineering, RESTful API design","Retrieval Augmented Generation (RAG), Orchestration, Python web frameworks",https://cvshealth.wd1.myworkdayjobs.com/cvs_health_careers/job/TX---Richardson/Software-Development-Engineer--AI-Engineering-_R0836203-1,4/22/2026
96.9572,Myriad Genetics,Software Eng III - Salt Lake City,"Salt Lake City, UT",Hybrid,N/A,2,TRUE,6 hours ago,"Python, JavaScript, React, TypeScript, PostgreSQL, Software Engineering Fundamentals, Version Control, Web Application Development",Django,https://ekgn.fa.us6.oraclecloud.com/hcmUI/CandidateExperience/en/job/5734/?utm_medium=job%2Baggregator&utm_source=linkedin,4/22/2026
96.9572,Myriad Genetics,Software Eng III - South SF Hybrid,"Salt Lake City, UT",Hybrid,N/A,2,TRUE,59 minutes ago,"Python, JavaScript, React, TypeScript, PostgreSQL, Software Engineering Fundamentals, Version Control, Integration Testing, Web Application Development","Django, Laboratory Information Management System (LIMS)",https://ekgn.fa.us6.oraclecloud.com/hcmUI/CandidateExperience/en/job/5520/?utm_medium=job%2Baggregator&utm_source=linkedin,4/24/2026
96.8787,NetJets,"Software Engineer, Associate (NJUS)","Columbus, OH",Onsite,N/A,2,TRUE,3 hours ago,"Java, C++, JavaScript, Python, Cloud services - AWS, Web development, Agile methodologies",Mobile development,"https://netjets.jobs.hr.cloud.sap/us/job/Columbus-Software-Engineer,-Associate-(NJUS)-OH-43219/1374174100/?feedId=386400&utm_source=LinkedInJobPostings&utm_campaign=NJUS_LinkedIn&src=LinkedIn",4/24/2026
96.8663,McLeod Software,Developer I,"Birmingham, AL",Onsite,N/A,3,TRUE,4 hours ago,"Java, TypeScript, Object-Oriented Programming, Data Structures, Design Patterns, Agile Development, SQL, Relational Database Management Systems, API Development, Git","UI Development, IntelliJ",https://recruiting2.ultipro.com/TOM1000TMSC/JobBoard/d0aaf18c-59ff-4f8d-a2bb-7775d8467fb0/OpportunityDetail?opportunityId=10bdb53e-7d37-45dd-87e2-7b7f6a7fb08d,4/22/2026
96.8217,SeaChange,Full Stack Developer,"Plymouth, MN",Hybrid,$75K/yr - $90K/yr,3,TRUE,4 hours ago,"MVC, JavaScript, React, HTML, CSS, Microsoft SQL, PostgreSQL, REST API, SSO, Software Development Life Cycle (SDLC), Git",".NET, C#",https://recruiting.paylocity.com/Recruiting/Jobs/Details/4031592,4/24/2026
96.8143,Yahoo,Senior Full-Stack Engineer,United States,Remote,$128K/yr - $267K/yr,N/A,TRUE,14 hours ago,"Python, TypeScript, JavaScript, React, AWS Lambda, AWS RDS, System Design, Data Modeling, REST APIs, GraphQL APIs, End-to-End Testing, Unit Testing, Integration Testing, E2E Testing, Agile Software Development, Software Engineering Principles","Next.js, AWS SQS, AWS SNS, AWS OpenSearch, Distributed Systems",https://ouryahoo.wd5.myworkdayjobs.com/en-US/careers/job/United-States-of-America/Senior-Full-Stack-Engineer_JR0026760?source=LinkedIn,4/22/2026
96.6983,Yahoo,Full-Stack Software Dev Engineer II,United States,Remote,$111K/yr - $231K/yr,3,TRUE,14 hours ago,"Node.js, Express, Python, Java, C++, AI/LLM integration, AI tooling, GraphQL, REST APIs, API design, PostgreSQL, SQL Server, React, Vue.js, Cloud services, AWS, GCP, Azure, CI/CD","Large-scale distributed systems, Fullstack JavaScript development, Next.js, Fastify, Go, Ruby, HTTP, Serverless architecture",https://ouryahoo.wd5.myworkdayjobs.com/en-US/careers/job/United-States-of-America/Full-Stack-Software-Dev-Engineer-II_JR0027078?source=LinkedIn,4/24/2026
96.3544,Mage,Full-Stack Engineer,"Santa Clara, CA",Onsite,N/A,N/A,TRUE,12 hours ago,"Python, Node.js, React, TypeScript, APIs, Databases, Cloud infrastructure, AWS, GCP, Azure, Data engineering, AI/ML infrastructure","Web architecture, Secure development practices, Product-minded",https://www.mage.ai/company/careers/full-stack-engineer,4/24/2026
96.3081,Windfall,Full Stack Engineer,"San Francisco, CA",Hybrid,$160K/yr - $215K/yr,4,TRUE,2 hours ago,"Web application development, Server-side development, Object-oriented programming, API development, Frontend frameworks, Java, JavaScript, TypeScript, React, CSS","Transactional databases, Kotlin",https://jobs.lever.co/windfalldata/3115a138-72f0-4269-ab41-afd871eb3e28?lever-source=LinkedInJobs,4/24/2026
96.1325,Agate Software,Software Developer I (hybrid in AZ or MI),"Okemos, MI",Hybrid,N/A,N/A,TRUE,12 hours ago,"SQL, HTML, CSS, JavaScript, Programming concepts, Agile frameworks","Curious learner, Resilience",https://www.linkedin.com/jobs/view/4398410240,4/22/2026
96.1022,Amazon Web Services (AWS),Data Engineer II - AMZ26123.1,"Boston, MA",Onsite,$132K/yr - $179K/yr,1,TRUE,10 hours ago,"ETL/ELT processes, Data modeling, SQL, Data structures","OLAP technologies, Oracle, Business intelligence analytics, OBIEE business intelligence tools",https://www.amazon.jobs/jobs/10386230/data-engineer-ii--amz?cmpid=SPLICX0248M&utm_source=linkedin.com&utm_campaign=cxro&utm_medium=social_media&utm_content=job_posting&ss=paid,4/22/2026
96.0689,Branding Brand,Sr React Software Engineer,"Woonsocket, RI",Hybrid,$100K/yr - $110K/yr,N/A,TRUE,2 hours ago,"React.js, React Native, JavaScript, TypeScript, Node.js, Data structures, Algorithms, Software design, Test-driven development, Git, GraphQL, RESTful APIs","Functional programming, IOS development, Android development",https://www.indeed.com/viewjob?jk=78bcf37dd4906e57,4/22/2026
96.0272,Pacific Life,Data Engineer II,"Charlotte - NC, US",Hybrid,$94K/yr - $115K/yr,2,TRUE,1 hour ago,"Data Engineering, Data Integration, SQL, AWS, Dbt, CI/CD Pipelines, Python, Java","Snowflake, Matillion, Azure DevOps",https://pacificlife.wd1.myworkdayjobs.com/PacificLifeCareers/job/Charlotte---NC/Data-Engineer-II_R16749,4/22/2026
95.9476,Nomi Health,Software Engineer (Backend),United States,Remote,N/A,3,TRUE,6 hours ago,"Java, C++, API development, AWS, SQL, NoSQL, Docker, Kubernetes","Go, Backend service development, Distributed systems",https://jobs.lever.co/nomihealth/02209b2a-6117-4be1-9871-10f22361a81f/apply?utm_source=jobright,4/24/2026
95.9257,Amplitude,Software Engineer II - Data Management,San Francisco Bay Area,Hybrid,N/A,2,TRUE,5 hours ago,"JavaScript, TypeScript, Node.js, React, Python, AWS, Cloud infrastructure, Data governance","Fullstack engineering, Automated testing, Event analytics",https://job-boards.greenhouse.io/amplitude/jobs/8519354002?gh_src=ab9f35b82,4/22/2026
95.9034,Elanco,Senior Data Engineer,"Lake County, IN",Onsite,N/A,3,TRUE,13 hours ago,"Data pipeline design, Azure cloud platform, Azure Storage Blobs, Azure Data Lake Storage (ADLS), Azure SQL Database, Azure Cosmos DB, Azure SQL Data Warehouse, Azure Data Factory, Azure SDK, Azure CLI, Azure HDInsight, Azure Databricks, Azure Stream Analytics, Power BI, ETL/ELT development, Programming languages - Powershell, Programming languages - Java, Programming languages - Node.js, Programming languages - React/Redux, Programming languages - Python, Programming languages - SQL, SparkSQL","Development, Azure Import/Export Service, Dell Boomi integrations, Programming languages - C#, Hadoop ecosystem, Spark, Hive, Pig",https://elanco.wd5.myworkdayjobs.com/External_Career/job/IN---Bangalore/Senior-Data-Engineer_R0025555-2?source=LinkedIn,4/24/2026
95.6449,Shake Shack,Analytics Engineer – Data Quality Lead,"New York, NY",Hybrid,$122K/yr - $160K/yr,3,TRUE,9 hours ago,"Analytics Engineering, Data Modeling, SQL, Dbt, Data Quality Monitoring, Version Control (Git), Software Engineering Best Practices, Data Observability Platforms, CI/CD Pipeline Concepts, Python","Cloud Data Warehouses, AI Coding Assistants, Data Orchestration Tools, Business Intelligence Tools, Machine Learning Workflows, Stakeholder Management",https://jsv3.recruitics.com/redirect?rx_cid=3568&rx_jobId=JR12307-1&rx_url=https%3A%2F%2Fcareers.shakeshack.com%2Fanalytics-engineer-data-quality-lead%2Fjob%2FP1-5247522-0%3Frx_id%3D1dee3bb0-3a9b-11f1-b853-77aa7e9d4a1b%26rx_job%3DJR12307-1%26rx_medium%3Dpost%26rx_paid%3D0%26rx_r%3Dnone%26rx_source%3Dlinkedin%26rx_ts%3D20260424T125007Z,4/24/2026
95.6368,Experity,Software Engineer III - OnePACS,"Nashville, TN",Hybrid,$95K/yr - $120K/yr,3,TRUE,10 hours ago,"Java, JavaScript, TypeScript, React, RESTful APIs, AWS, Object-oriented design, Software design patterns, Test-driven development, JUnit, Scrum, Agile","C#, Distributed systems, Spring Boot, NUnit",https://experity.wd108.myworkdayjobs.com/Experity_Careers/job/Atlanta-Office/Software-Engineer-III---OnePACS_JR100127?source=LinkedIn,4/22/2026
95.6163,McLeod Software,Developer III,"Birmingham, AL",Onsite,N/A,4,TRUE,4 hours ago,"Java, TypeScript, Object-Oriented Programming, Data Structures, Design Patterns, Agile Development, SQL, API Development, Git","UI Development, IntelliJ",https://recruiting2.ultipro.com/TOM1000TMSC/JobBoard/d0aaf18c-59ff-4f8d-a2bb-7775d8467fb0/OpportunityDetail?opportunityId=a3837afa-6178-4e41-8ef5-6f4a16e1291e,4/22/2026
95.5422,CGI,AI/ML Engineer,"Reston, VA",Hybrid,$108K/yr - $137K/yr,4,TRUE,11 minutes ago,"Machine learning, Data science, AI engineering, Large language models, Prompt engineering, Python, Scikit-learn, AWS, AWS Bedrock, AWS S3, AWS EC2, AWS Lambda, AWS SageMaker, Data pipelines, APIs, MLOps, Data analysis, AI agents, Generative AI, Docker, Container orchestration","TensorFlow, PyTorch, Pandas, R, Data privacy, Cloud security",https://clients.njoyn.com/corp/ex/JobBoards/jobboards_jobdetails.asp?bdid=1&brid=1293598&clid=021001&jid=j0426-1921&lgid=1&forcesbdid=22622&_ccid=1776906650128ggm2qrj85&ittk=R68SY1EYX8,4/22/2026
95.49,Amazon,"Data Engineer, PXT PeopleInsight","Seattle, Washington, USA",Onsite,$101K/yr - $160K/yr,1,TRUE,1 hour ago,"Data Engineering, Data Analysis, NoSQL, Data Modeling, ETL Pipelines, SQL, Python","Redshift, Oracle, Data Warehousing, KornShell, Scala",https://www.amazon.jobs/en/jobs/10393316/data-engineer-pxt-peopleinsight,4/22/2026
95.4458,IBM,Data Engineer 2026- Data Integration,"Baton Rouge, LA",Onsite,N/A,N/A,TRUE,11 hours ago,"Computer science fundamentals, Data structures, Algorithms, Python, Data manipulation tools, NumPy, SQL, ETL/ELT concepts, Relational databases, Data modeling, AWS, Azure, Google Cloud, BigQuery, Version control, Git, Generative AI concepts, Analytical skills","Pandas, Cloud data platforms, Apache Spark, PySpark, Modern data warehouse technologies, Snowflake, Redshift, Streaming data concepts, Learn quickly",https://ibmglobal.avature.net/en_US/careers/JobDetail?jobId=89835&src=SN_LinkedIn,4/22/2026
95.4054,Tesla,"Data Engineer, Quality, Megafactory","Brookshire, TX",Onsite,N/A,N/A,TRUE,4 hours ago,"Python, SQL, NoSQL, JavaScript, React, REST API, Data Architecture, Data Visualization, Statistical Analysis","Kafka, Spark, WebSocket",https://www.tesla.com/careers/search/job/265479?source=LinkedIn,4/24/2026
95.2918,"Veracyte, Inc.",Software Development Engineer,"South San Francisco, CA",Hybrid,$147K/yr - $165K/yr,4,TRUE,11 hours ago,"AWS, React, Vue.js, Angular, TypeScript, JavaScript, HTML5, CSS3, Microservices architecture, RESTful API design, CI/CD, GitLab CI, Docker, Kubernetes, SQL, NoSQL","Jenkins, CircleCI, Monitoring, Logging tools",https://veracyte.com/job-detail?gh_jid=5055532007&gh_src=fe4e49487us,4/22/2026
95.0594,Ritchie Bros.,Software Engineer,"Westchester, IL",Hybrid,N/A,3,TRUE,11 hours ago,"React, Microsoft Azure, Azure App Services, Azure SQL, Azure Storage, SQL Server, PostgreSQL, Query optimization, Performance tuning, RESTful API design, Agile, Scrum, Software development lifecycle, Docker, Container orchestration",".NET Framework, .NET Core, C#, Azure Service Bus, Database schema design, AI-assisted development tools",https://fa-exew-saasfaprod1.fa.ocs.oraclecloud.com/hcmUI/CandidateExperience/en/job/9160/?utm_medium=jobshare&codes=JBLI&utm_campaign=HR-talentacquisition-LinkedIn-13-26&utm_medium=social-paid&utm_source=linkedin.com,4/24/2026
95.0514,Amplify,Software Engineer (Contractor),United States,Remote,$70/hr - $70/hr,3,TRUE,4 hours ago,"JavaScript frameworks, React, Software design principles, Software development, Server-side development, Node.js, Database technologies, MongoDB, Cloud environments, AWS, GCP, Azure, TypeScript, Express, AI technologies, Large language models, Automated testing frameworks","Complex systems, Large codebases, Nx, ESBuild, Agentic coding tools, Jest, WebdriverIO",https://amplify.wd1.myworkdayjobs.com/Amplify_Careers/job/Remote---United-States/Software-Engineer--Contractor-_Req_12658?source=LinkedIn,4/24/2026
95.0502,The Walt Disney Company,Data Engineer I,"Santa Monica, CA",Onsite,$89K/yr - $119K/yr,N/A,TRUE,11 hours ago,"SQL, Data modeling, ETL design patterns, ELT design patterns, Distributed data processing, Databricks, Data governance, AWS, S3, IAM, EC2, Lambda, Data ingestion pipelines, Semi-structured data formats, JSON, Git, GitHub, CI/CD, DevOps practices","PySpark, Spark SQL, Delta Lake, Unity Catalog, Lakehouse patterns, Glue, Airflow, Parquet, CSV",https://www.disneycareers.com/job/-/-/391/94304799376?source=LINKEDIN_JOB_SLOTS,4/24/2026
94.6963,FanDuel,Data Engineer,"Atlanta, GA",Hybrid,$116K/yr - $152K/yr,3,TRUE,7 hours ago,"Data Engineering, SQL, Python, Java, Databricks, Dbt, Data Modeling, ETL/ELT, Cloud Platforms - AWS, Cloud Platforms - GCP, Cloud Platforms - Azure","Scala, Airflow, Spark, Kafka, Data Warehousing",https://boards.greenhouse.io/embed/job_app?token=7772623&utm_source=jobright,4/22/2026
94.1956,The Trade Desk,Front End Engineer II - Reporting,Boulder,Onsite,$103K/yr - $170K/yr,2,TRUE,58 minutes ago,"React, JavaScript, TypeScript, Java, NodeJS, SQL, Computer science fundamentals","Enterprise level services, C#",https://boards.greenhouse.io/embed/job_app?token=5120336007&utm_source=jobright,4/24/2026
94.0412,Gamma,"Software Engineer, Full Stack","San Francisco, CA",Hybrid,$180K/yr - $275K/yr,3,TRUE,7 hours ago,"Full-stack web development, TypeScript, React, Node.js, Large Language Models (LLMs), Prompt engineering, AI/ML systems, Frontend engineering, API design, Self-driven mindset","State management, Image generation models, Curiosity",https://jobs.ashbyhq.com/gamma/068f61d9-3dad-4564-9bca-7b4547e69e55?source=LinkedIn,4/24/2026
94.0295,Resolve Tech Solutions,Full Stack Engineer,"Texas, United States",Onsite,N/A,3,TRUE,6 hours ago,"Frontend frameworks - React, Frontend frameworks - Angular, Frontend frameworks - Vue, Backend frameworks - Node.js/Express, Relational databases - PostgreSQL, Relational databases - MySQL, NoSQL databases - MongoDB, RESTful APIs, GraphQL, Containerization - Docker, Container orchestration - Kubernetes, Cloud platforms - AWS, Cloud platforms - Azure, Cloud platforms - GCP, Version control - Git, CI/CD pipelines, Microservices, Automated testing frameworks","Backend frameworks - Django, Backend frameworks - Spring Boot, Backend frameworks - .NET Core, Distributed systems, Message queues - Kafka, Message queues - RabbitMQ, Message queues - SQS",https://www.linkedin.com/jobs/view/4403766372,4/24/2026
93.878,Worldscape,Software Engineer - Full Stack/Backend,"Redmond, WA",Onsite,$100K/yr - $130K/yr,N/A,TRUE,4 hours ago,"Java, Python, C++, Data pipelines, Cloud platforms, Azure, AWS, GCP, Containerization, Docker, Kubernetes, React, Typescript, Node.js, Agile environment experience","C#, Full-stack development, Next.js",https://jobs.lever.co/worldscape-technology/a50f83c7-63d7-4df9-b5da-a6944d933e58/apply?source=LinkedIn,4/22/2026
93.6588,Rubrik,Software Engineer - Ruby AI,"Palo Alto, CA",Hybrid,$152K/yr - $229K/yr,3,TRUE,2 hours ago,"Python, Java, C++, AI-powered applications, AI/ML technologies, API design, API debugging, GraphQL, REST","Go, API testing, GRPC, Clear written",https://boards.greenhouse.io/embed/job_app?token=7844075&utm_source=jobright,4/24/2026
93.6539,Snowflake,Data Engineer,"Menlo Park, California, United States",Hybrid,$132K/yr - $173K/yr,1,TRUE,4 minutes ago,"Data Pipeline Design, ETL, Data Ingestion, Python, SQL","Data Products Development, Apache Airflow, Snowflake",https://careers.snowflake.com/us/en/job/SNCOUS7A3BCD30825748F8B1059CEBAB8168BAEXTERNALENUSF01420175FC14046833B4032DE3254BB/data-engineer,4/24/2026
93.5148,Shift4,AWS Cloud Data Engineer,"Tampa, FL",Onsite,N/A,3,TRUE,7 hours ago,"AWS services, AWS Lambda, AWS Database Migration Service, ETL tools, MS SQL Server, Postgres, Data modeling","AWS Redshift, AWS Glue, AWS Kinesis, Stored procedures",https://boards.greenhouse.io/embed/job_app?token=5114279007&utm_source=jobright,4/24/2026
93.4617,Avride,Software Engineer – Localization and Mapping,"Austin, Texas Metropolitan Area",Onsite,N/A,3,TRUE,3 hours ago,"C++ programming, Algorithms, Data structures, Software design patterns, Intra-team collaboration, Inter-team collaboration, Planning","Business-driven development focus, Respectful communication",https://job-boards.greenhouse.io/avride/jobs/4013235009,4/22/2026
93.371,Penguin Random House,"Developer, Full Stack (Open to Remote)",United States,Remote,$100K/yr - $115K/yr,3,TRUE,2 hours ago,"React, JavaScript, Java, Python, SQL, Front-end Development, DevOps, Cloud Services","Backend Development, Web Standards, Accessibility, Security Best Practices","https://jobsearch.createyourowncareer.com/job/Developer,-Full-Stack-(Open-to-Remote)/286882-en_US?source=LinkedIn",4/22/2026
93.1907,DPR Construction,PCA Data Engineer,"Charlotte, NC",Onsite,N/A,3,TRUE,14 hours ago,"Data Engineering, Azure, Azure Data Factory, Azure Data Lake, Python, SQL, Cloud Platforms, AWS, Cloud Storage, Data Integration, APIs, REST, Data Modeling, Performance Optimization","Webhooks, Snowflake, Microsoft Fabric, Pipeline Orchestration",https://mydpr.wd5.myworkdayjobs.com/en-US/11212017/job/Raleigh-Durham-NC/PCA-Data-Engineer_JR-13449,4/22/2026
93.156,Capco,"Front End Developer, React+ Javascript",US - Dallas,Onsite,N/A,N/A,TRUE,4 hours ago,"React, JavaScript, HTML, CSS, Software Development Lifecycle, API Integration, Containerization",Distributed Computing,https://boards.greenhouse.io/embed/job_app?token=7759515&utm_source=jobright,4/22/2026
93.1292,Verisk,Software Engineer III,"Boston, MA",Hybrid,N/A,N/A,TRUE,17 minutes ago,"AWS, Object-oriented design, Design patterns, Performance tuning, Test-driven development, CI/CD pipelines, Analytical skills, Debugging","C#, .NET Core, Apache Parquet",https://fa-ewmy-saasfaprod1.fa.ocs.oraclecloud.com/hcmUI/CandidateExperience/en/job/3665/?utm_medium=jobboard&utm_source=linkedin,4/22/2026
93.1071,Goldman Sachs,Software Development Engineer | Dallas | 2026,"Dallas, TX",Onsite,N/A,2,TRUE,7 hours ago,"Java, C++, Python, Concurrency, React, Angular, Redux, JavaScript, NoSQL Databases, MongoDB, MS Office","Memory Management, Elastic Search, Self-direction, Commercial Savvy",https://hdpc.fa.us2.oraclecloud.com/hcmUI/CandidateExperience/en/job/154310/?utm_medium=jobshare&mode=job&iis=LinkedIn,4/24/2026
93.0092,AIA Contract Documents,Senior Software Engineer,United States,Remote,$120K/yr - $150K/yr,3,TRUE,23 hours ago,"Microservices, Angular, TypeScript, REST APIs, GraphQL APIs, MongoDB, SQL, Azure",".NET Core, Next.js, Vue, Full stack debugging",https://jobs.ashbyhq.com/acd/3aceedf1-fea7-40d6-9d79-2e1a422162d4/application?utm_source=jvvrrpR5Bn,4/22/2026
92.9845,"Systems Technology Group, Inc. (STG)",Full Stack Data Engineer w Alteryx,"Dearborn, MI",Onsite,N/A,N/A,TRUE,6 hours ago,"Data Mining, Front End Software Engineering, Software Development, Big Data, Data Analytics, ETL, Google Cloud Platform, Test-Driven Development, Agile Programming, Data Integration","Alteryx, Business Intelligence, Application Development, Software Operations",https://www.linkedin.com/jobs/view/4404469136,4/22/2026
92.6611,Qualcomm,"Software Engineer, AI Tools – Delegate","San Diego, CA",Onsite,$123K/yr - $184K/yr,2,TRUE,9 hours ago,"C++, Python, Software Development, Data Structures, Algorithms, Object Oriented Design, Software Debugging, Software Testing, Machine Learning, Deep Learning","TensorFlow, PyTorch, ONNX, JAX",https://careers.qualcomm.com/careers/job/446718036595?hl=en-US&utm_source=linkedin&domain=qualcomm.com&source=APPLICANT_SOURCE-6-2,4/22/2026
92.6426,JPMorganChase,Software Engineer II - ReactJS,"450 W 33rd St, New York, NY, 10001, US",Onsite,$119K/yr - $150K/yr,2,TRUE,4 hours ago,"Software Engineering Concepts, System Design, Testing, ReactJS, Typescript, JavaScript, HTML, CSS, Database Querying, Software Development Life Cycle, Agile Methodologies, CI/CD, Cloud Technologies, Object-Oriented Programming, Java","Application Development, Operational Stability, Application Resiliency, Security, Spring Boot",https://jpmc.fa.oraclecloud.com/hcmUI/CandidateExperience/en/sites/CX_1001/job/210740775,4/24/2026
92.4425,SoFi,"Software Engineer, Loans Originations","Cottonwood Heights, UT",Onsite,N/A,1,TRUE,59 minutes ago,"Java, Object-oriented programming, Relational databases, Unit testing, Software design patterns","Kotlin, Document databases, Willingness to learn",https://boards.greenhouse.io/sofi/jobs/7713729003?gh_src=7ed8869b3us,4/24/2026
92.4193,MSCI Inc.,Data Technology DMX Liquidity Data Engineer,"Norman, OK",Hybrid,$73K/yr - $95K/yr,N/A,TRUE,6 hours ago,"Data Modeling, Data Pipeline Design, Data Processing Technologies, Python, Linux Scripting, JSON, Test Frameworks, Unit Testing, Integration Testing, Relational Databases, MSSQL, MySQL, GIT, Data Engineering, Data Factory, DataLake, DevOps, Containerization, Docker, Kubernetes","Spark, XML, Parquet, Oracle, Sybase, Cloud Data Technologies, DeltaLake, DremIO, Automated Scheduling, AutoSys",https://careers.msci.com/job/data-and-operations/norman/data-technology-dmx-liquidity-data-engineer/2026-4821?mode=apply&iis=LinkedIn,4/24/2026
92.3097,JPMorganChase,"Software Engineer III - Infrastructure, Cloud, DevOps","8181 Communications Pkwy Bldg F, Plano, TX, 75024, US",Onsite,N/A,3,TRUE,55 minutes ago,"DevOps, Cloud Engineering, Infrastructure as Code CloudFormation, Continuous Integration, Continuous Delivery Jenkins, Continuous Delivery GitLab, Cloud Platforms AWS, Cloud Platforms Azure, Cloud Platforms GCP, Containerization Docker, Containerization Kubernetes, Python, Java","Infrastructure as Code Terraform, Infrastructure as Code Ansible, Continuous Delivery Spinnaker, Artificial Intelligence implementation in software development",https://jpmc.fa.oraclecloud.com/hcmUI/CandidateExperience/en/sites/CX_1001/job/210740370,4/24/2026
92.2217,Data Capital Incorporation,Senior Data Engineer - Palantir Foundry,"Texas, United States",Onsite,N/A,4,TRUE,1 hour ago,"Data Engineering, Python, ETL, Data transformation, Relational databases, Non-relational databases, APIs, Analytical skills","Palantir Foundry, Palantir Foundry Ontology modeling, System integrations",https://www.linkedin.com/jobs/view/4404476608,4/22/2026
92.1878,Gamma,UI Engineer,"San Francisco, CA",Hybrid,$180K/yr - $275K/yr,3,TRUE,6 hours ago,"React, CSS, CSS Flexbox, CSS Grid, CSS Animations, CSS Transforms, Cross-browser compatibility, Performance optimization","Animation libraries, Accessible component libraries, UI design systems, Building complex interactive UIs",https://jobs.ashbyhq.com/gamma/04e7a228-b432-46f0-84b5-fc47b05f6790?source=LinkedIn,4/24/2026
92.1621,ZoomInfo,Senior Data Pipeline Analyst,"Vancouver, WA",Hybrid,$102K/yr - $161K/yr,5,TRUE,4 hours ago,"Data pipelines, ETL systems, Data processing infrastructure, Python, SQL, Code analysis, Data transformations, Data profiling, Data matching","Technical architecture, Entity resolution, Record linkage",https://www.zoominfo.com/careers?gh_jid=8408632002&gh_src=d14a9e1e2,4/24/2026
92.1495,TTX Company,Data Engineer,"2151 Hawkins St, Charlotte, NC, 28203, US",Onsite,$77K/yr - $100K/yr,2,TRUE,7 hours ago,"Data Engineering, ELT/ETL Processes, Data Pipeline Design, Data Integration, Data Modeling, Data Quality Management, SQL, Python, Power BI, Azure Synapse, API Design, Hybrid Cloud Environment","Microsoft Fabric, Microsoft SSIS, Microsoft SSAS, Data Replication/CDC, Development",https://ejjc.fa.us6.oraclecloud.com/hcmUI/CandidateExperience/en/sites/CX/job/6218,4/24/2026
92.0451,Redwood Living,AI Developer I,"Independence, OH",Onsite,N/A,N/A,TRUE,10 hours ago,"Microsoft Power Platform, Power BI, Power Apps, Dataverse, Machine Learning, AI Application Patterns, Relational Data Modeling, REST APIs, JSON, Model Evaluation, Analytical Thinking","Respectfulness, Empathy, Business Acumen",https://workforcenow.adp.com/mascsr/default/mdf/recruitment/recruitment.html?cid=fd38af2b-a890-4549-ad45-f41db5f15281&ccId=9200390725977_2&jobId=624970&source=LR&lang=en_US&source=LI&source=LI,4/24/2026
91.7977,"Vizient, Inc",Senior Software Engineer,"Irving, TX",Onsite,$102K/yr - $179K/yr,5,TRUE,9 hours ago,"Angular, TypeScript, SQL, T-SQL, Database optimization, Agile methodologies, CI/CD, Testing practices, Azure SQL, API development, RESTful services, Analytical skills",".NET framework, C#, Angular Material",https://www.linkedin.com/jobs/view/4402784634,4/22/2026
91.7143,Hudson Advisors L.P.,"Data Engineer, AI Systems Engineer","Dallas, TX",Onsite,N/A,1,TRUE,14 hours ago,"Data Engineering, ETL pipelines, Data Modeling, SQL, Python, Azure Data Factory, Large Language Models (LLMs), Vector Databases, API Development, Cloud Platforms - Azure, Git, Data Pipeline Orchestration, Distributed Data Processing, Unstructured Data Processing, OCR","Retrieval-Augmented Generation (RAG) pipelines, Embeddings, Agentic AI Workflows, Document Parsing, Knowledge Extraction, Fixed Income Finance, Structured Finance, Residential Mortgage Markets",https://fa-exvv-saasfaprod1.fa.ocs.oraclecloud.com:443/hcmUI/CandidateExperience/en/job/1080?utm_source=linkedin&utm_medium=jobboard,4/22/2026
91.6865,UST,Data Engineer,"Bentonville, AR",Onsite,$82K/yr - $123K/yr,N/A,TRUE,13 hours ago,"SQL, Cloud platforms, Python, Java, Data pipeline development, ETL/ELT pipelines, Data ingestion, Data transformation, Data modeling, Data warehouses, Data lakes, Amazon S3","Apache Spark, Apache Kafka, Apache Airflow, Scala, Snowflake",https://usource.ripplehire.com/candidate/?token=8YxWjpwDhdL62DFYUIcQ&lang=en&source=USTLINKEDIN&ref=USTLINKEDIN#detail/job/54373,4/22/2026
91.4737,SOCOTEC USA,Applied AI Engineer,"Dallas, TX",Onsite,N/A,2,TRUE,42 minutes ago,"Python, Scikit-learn, Natural Language Processing, AI Model Development, Data Preprocessing, Model Training, Model Evaluation, Jupyter Notebook, Cloud Platforms, AWS, GCP, Azure, Version Control, Git, GitHub, Agile Development, Model Optimization, AI Solution Scaling","TensorFlow, PyTorch, Hugging Face, Chatbot Development, Model Deployment, LangChain",https://jobs.smartrecruiters.com/Socotec/744000122314349-applied-ai-engineer?trid=2d92f286-613b-4daf-9dfa-6340ffbecf73,4/22/2026
91.2493,Grafana Labs,Senior Analytics Engineer | USA | Remote,United States,Remote,$128K/yr - $153K/yr,3,TRUE,10 hours ago,"Data Modeling, Dbt, Data Cataloging, Data Pipeline Architecture, BigQuery, AI Agent Coding Practices, Cloud Environments, AWS, GCP","Data Quality Testing, Data Documentation, Fivetran, Empathy",https://boards.greenhouse.io/embed/job_app?token=5850008004&utm_source=jobright,4/22/2026
91.2415,Tebra,Software Engineer III,United States,Remote,$153K/yr - $163K/yr,2,TRUE,9 hours ago,"Software development, Micro-service based web applications, Java, HTML5, CSS3, JavaScript, Typescript, JavaScript frameworks, React, Angular, Data access patterns, Object-oriented software techniques, Debugging, Analytical skills","Spring framework, Computer architecture, Scalability, Resiliency patterns, Healthcare domain experience, Verbal",https://www.linkedin.com/jobs/view/4405248967,4/22/2026
91.2278,SafeRide Health,Data Engineer,United States,Remote,N/A,3,TRUE,9 hours ago,"Data modeling, ETL development, Analytics datastores, BI, Python, Java, System design, Data architecture, Troubleshooting, Analytical skills","Data warehousing, Cloud warehousing solutions, Reporting tools, Scala, Operational workflows, Compliance processes",https://saferidehealth.bamboohr.com/careers/262?source=LinkedIn,4/24/2026
91.1547,Microchip Technology Inc.,Engineer I-Software,"San Jose, CA",Onsite,$70K/yr - $143K/yr,0,TRUE,42 minutes ago,"C++, Algorithms, Data Structures, Shell Scripting, Python, Source Code Management, Git, Bitbucket, Parallel Programming, AI/ML Applications","Bash, TCL, Jira, FPGA Architectures, AI-based Code Development",https://wd5.myworkdaysite.com/en-US/recruiting/microchiphr/External/job/CA---San-Jose---3850-N-First-St/Engineer-I-Software_R1749-26?utm_campaign=LinkedIn,4/22/2026
91.1004,"Baanyan Software Services, Inc.",Java Developer Opportunity (Who is open for marketing),"New Jersey, United States",Onsite,N/A,N/A,TRUE,4 hours ago,"Java, Microservices Architecture, REST APIs, JSON, API design, SQL, NoSQL databases, Docker, Containerization, Git, Version control","Spring Boot, Spring Cloud, Hibernate, JPA, Message brokers",https://www.linkedin.com/jobs/view/4404472757,4/22/2026
91.0889,JPMorganChase,Software Engineer II - Cloud FinOps and Technology Delivery Engineer,"8181 Communications Pkwy Bldg F, Plano, TX, 75024, US",Onsite,N/A,2,TRUE,59 minutes ago,"Software engineering, Cloud computing, AWS, Azure, GCP, Data analysis, Excel, SQL, Agile methodology, Analytical skills","Cloud operations, Financial analysis, Tableau, Jira, Confluence, Curiosity",https://jpmc.fa.oraclecloud.com/hcmUI/CandidateExperience/en/sites/CX_1001/job/210739146,4/24/2026
91.0606,Effectual,Data Engineer,United States,Remote,$132K/yr - $166K/yr,4,TRUE,4 hours ago,"Python, Java, SQL, Relational databases, NoSQL databases, Data modeling, Cloud platforms, AWS, Azure, Google Cloud, S3, BigQuery, ETL processes, Data governance, Data security, Agile methodology, Object-oriented programming, AWS Cloud Formation","Scala, Spark, Hadoop, Data warehousing, Redshift, Computer Vision, Intelligent Document Processing, Apache Airflow, Informatica, Talend, Data quality frameworks, SDLC process",https://boards.greenhouse.io/embed/job_app?token=7708101003&utm_source=jobright,4/22/2026
90.7911,BillGO,AI Engineer I,"Fort Collins, CO 80528",Hybrid,$78K/yr - $110K/yr,N/A,TRUE,9 hours ago,"Agentic AI, Prompt engineering, Object-oriented programming, Java, Python, JavaScript, TypeScript, REST APIs, Microservices, Cloud platforms - AWS, Cloud platforms - Azure, Cloud platforms - GCP, Databases - SQL, Databases - NoSQL, CI/CD pipelines, Software development methodologies, Version control systems, Data structures, Algorithms, Software design principles","AI tools - LLMs, MCP, C#, Project management tools",https://www.paycomonline.net/v4/ats/web.php/portal/71E8384360DDD002F00710BFA42E4606/jobs/387895,4/22/2026
90.713,Satwic Inc,Application developer - All Applications,"Los Angeles, CA",Onsite,N/A,N/A,TRUE,3 hours ago,"Website development, HTML5, CSS3, JavaScript, Cloud computing - Azure, JQuery, React, Node.js, Programming - JavaScript, Programming - PowerShell, Programming - Python, JSON, API integrations, SQL, Data modeling, Code versioning, Version control - GIT, Agile Software Development",".Net, Solution architecture, Application modernization, Data services, Infrastructure technologies, .NET Core, Bootstrap, ArcGIS API for JavaScript, Programming - C#, XML, Database design",https://www.linkedin.com/jobs/view/4405447289,4/22/2026
90.6756,Attentive,Senior Analytics Engineer,United States,Remote,$110K/yr - $155K/yr,4,TRUE,4 hours ago,"SQL, Data visualization, Data modeling, ETL processes, Statistics, Dbt, Python","Looker, Tableau, R, Independence",https://boards.greenhouse.io/embed/job_app?token=4226675009&utm_source=jobright,4/24/2026
90.6467,Applied Materials,AI Algorithm Developer,"Santa Clara, CA",Onsite,$161K/yr - $221K/yr,N/A,TRUE,7 hours ago,"Algorithms, Data Structures, Computational Complexity, Software Engineering Best Practices, Design Patterns, Unit Testing, Python, Deep Learning, Neural Network Architectures, Optimization Techniques","Modular Architecture, Gradient-Based Optimization, Bayesian Optimization, Evolutionary Strategies",https://jobs.appliedmaterials.com/job/-/-/95/89631208912?p_sid=53yO-Lb&p_uid=nTxnRQo8JJ&ss=paid&utm_campaign=engineering_us&utm_content=pj_board&utm_medium=jobad&utm_source=linkedin+slotted&gad_source=7&dclid=CJmWxor6gZQDFTrGzgAdOyUS9A,4/22/2026
90.5685,Carrier,Senior Software Engineer,"CAM60: Sensitech, Inc., 800 Cummings Center, Beverly, MA, 01915 USA, US",Hybrid,$96K/yr - $192K/yr,5,TRUE,12 hours ago,"Angular, React, Vue.js, JavaScript frameworks, Relational databases, Cloud-native architectures, Azure, AWS, GCP","C#, .NET Core, Svelte",https://carrier.wd5.myworkdayjobs.com/jobs/job/CAM60-Sensitech-Inc-800-Cummings-Center-Beverly-MA-01915-USA/Senior-Software-Engineer_30199384,4/22/2026
90.4891,Labcorp,Software Development Engineer,"Burlington, NC",Onsite,N/A,N/A,TRUE,16 hours ago,"Angular, HTML5, CSS3, JavaScript, TypeScript, Kubernetes, RESTful API design, Git, Agile development, Java","Spring Boot, Oracle, Figma, C# .NET, Robotic machine interfaces",https://jsv3.recruitics.com/redirect?rx_cid=3600&rx_jobId=2611651&rx_url=https%3A%2F%2Fcareers.labcorp.com%2Fglobal%2Fen%2Fjob%2F2611651%3Frx_campaign%3DLinkedin1%26rx_ch%3Dconnector%26rx_group%3D486230%26rx_id%3Dd7acd55b-3de1-11f1-80e7-bd3fed197b79%26rx_job%3D2611651%26rx_medium%3Dpost%26rx_r%3Dnone%26rx_source%3DLinkedin%26rx_ts%3D20260422T061216Z%26rx_vp%3Dslots%26source%3Dlinkedin%26utm_source%3Dlinkedin,4/22/2026
90.3526,RRD,IL0207-Software Engineer II,United States,Remote,$118K/yr - $118K/yr,2,TRUE,3 hours ago,"Web technologies, Web services, Java, C++, SQL databases, HTML, CSS, JavaScript, Angular, MySQL, REST, Git, Microservices","Web-based UI, Back-end programming, C#, Microsoft platform technologies, Java platform technologies, Spring Boot, GRPC",https://jobs.smartrecruiters.com/RRDonnelley/744000122743119-il0207-software-engineer-ii,4/24/2026
90.3127,"Integress, Inc.",Machine Learning Engineer,United States,Remote,N/A,3,TRUE,13 hours ago,"Machine Learning, Deep Learning Neural Networks, AWS cloud services, Big data tools, Relational SQL databases, NoSQL databases, MySQL, Postgres, DynamoDB, Cassandra, Python, Java, SQL, Data pipelines, Data architectures, Data transformation","AWS AI/ML Services, Spark, ElasticSearch, Hadoop, Kafka, Kinesis, Scala, Metadata management, Dependency management, Workload management, Message queuing, Stream processing, AWS Machine Learning Specialty certification, AWS Solutions Architect - Associate certification",https://www.comeet.com/jobs/allcloud/71.008/machine-learning-engineer/1C.86C,4/24/2026
90.3057,Fannie Mae,Full Stack Software Engineer,"Reston, VA, US",Hybrid,$123K/yr - $161K/yr,2,TRUE,2 hours ago,"Software Development Lifecycle (SDLC), Java, TypeScript, Python, Angular, Data Modeling, SQL, Query Optimization, PostgreSQL, DynamoDB, Git, CI/CD Tooling, Docker, AWS CloudFormation, Cloud-native Solutions on AWS, Generative AI Tools, NodeJS","Schema Design, Jenkins, Terraform, Microsoft Copilot, ChatGPT, Mortgage Banking Domain Knowledge, Bond Markets Domain Knowledge, Financial Risk Analytics, Mortgage Backed Securities (MBS), Mortgage Loans, Debt Instruments, Derivatives, SpringBoot",https://fanniemae.wd1.myworkdayjobs.com/FannieMaeCareers/job/Reston-VA/Full-Stack-Software-Engineer_JR2397,4/24/2026
90.2402,Winsupply,Software Developer-Senior,"Moraine, OH",Onsite,N/A,2,TRUE,2 hours ago,"SQL Server, MySQL, Java, JavaScript, TypeScript, SQL, HTML, CSS, Web Service APIs, Microservices, REST API, API Integration, Test-Driven Development, Angular Framework","IBM LUW, Oracle, Mongo Atlas, Couchbase, Spring Framework, Messaging Queues, MuleSoft, MinIO S3, Vault, Elastic Search",https://www.linkedin.com/jobs/view/4405380024,4/24/2026
89.9886,WPP Media,"Associate Manager, Media Data Engineering - US","New York, United States",Hybrid,$60K/yr - $140K/yr,3,TRUE,6 hours ago,"Data engineering, SQL, Python, Azure, AWS, GCP, Dashboard development, Power BI, Data pipeline tools, Databricks, Data visualization, Advanced analytics, Analytical skills","Cloud data platforms, Tableau, Airflow, Media data, Marketing data, Media measurement, Campaign analytics, Machine learning workflows",https://job-boards.greenhouse.io/wppmedia/jobs/5146139008?gh_src=ql4cojzu8us,4/22/2026
89.9115,Acosta,Senior Data Engineer - Palantir Foundry,"Dallas, TX",Hybrid,N/A,4,TRUE,4 hours ago,"Data Engineering, Software Engineering, Python, SQL, Data Modeling, Data Governance, Data Quality","Palantir Foundry, Distributed Processing Frameworks, Spark, PySpark, Enterprise Data Architecture",https://eczy.fa.us2.oraclecloud.com/hcmUI/CandidateExperience/en/sites/CX_1/job/26459/?utm_medium=jobshare&utm_source=External+Job+Share,4/24/2026
89.855,Genesys,"Sr. Software Engineer, Full Stack — Agentic AI","Austin, Texas Metropolitan Area",Onsite,$116K/yr - $203K/yr,5,TRUE,59 minutes ago,"TypeScript, JavaScript, Java, Python, Node.js, Large language models, AWS, AWS Lambda, AWS ECS, API design, Ownership mindset","Full stack development, Agentic system design, AWS Fargate, Self-direction",https://genesys.wd1.myworkdayjobs.com/Genesys/job/Virtual-Office-Texas/Sr-Software-Engineer--Full-Stack---Agentic-AI_JR110668?source=Linkedin1,4/24/2026
89.8328,Press Ganey,Senior Software Engineer/Data Engineer,United States,Remote,$100K/yr - $130K/yr,6,TRUE,6 hours ago,"SQL, Microsoft SQL Server, Statistics, Software engineering, Angular, React, JavaScript, CSS, JSON, API development, Containerization, Docker, Kubernetes, CI/CD, GitLab, Test driven development, Agile methodologies, Data structures, Object-oriented programming","AI-driven development, .Net Core",https://pressganey.wd1.myworkdayjobs.com/Careers/job/Remote-USA/Senior-Software-Engineer-Data-Engineer_R26_0000000013?source=LinkedIn,4/22/2026
89.819,Societe Generale,Regulatory Reporting Data Engineer,"New York, United States",Hybrid,$100K/yr - $150K/yr,4,TRUE,15 hours ago,"Microsoft Azure Synapse, Python, C++, Java, C, Version Control, Continuous Integration, Automated Deployment, Microsoft SQL Server, T-SQL","Apache Spark, Delta Lake, C#, Automated Testing, Equity Cash Trading Scenarios, Consolidated Audit Trail (CAT) Reporting",https://careers.societegenerale.com/en/job-offers/regulatory-reporting-data-engineer-25000LBH-en?src=JB-14381,4/22/2026
89.5761,Goldman Sachs,Engineering - Cloud Development - Engineering Platforms Cloud Enablement - Associate - Seattle,"Seattle, WA",Onsite,N/A,N/A,TRUE,1 hour ago,"Java, Public cloud deployment, AWS, Software development, Cloud native services, CI/CD pipelines, Team-oriented mindset","Full stack development, Developer AI tools, Infrastructure as Code",https://hdpc.fa.us2.oraclecloud.com/hcmUI/CandidateExperience/en/job/168938/?utm_medium=jobshare&mode=job&iis=LinkedIn,4/22/2026
89.5622,Ironclad,Senior Software Engineer - Search and Discovery,"San Francisco, CA",Hybrid,$180K/yr - $200K/yr,4,TRUE,9 hours ago,"JavaScript, TypeScript, ReactJS, Node.js, Front-end architecture, Testing strategy, Docker, Kubernetes, Google Cloud Platform","UI performance optimization, Accessible user interfaces, Mobile-friendly interfaces, Cross-team communication",https://jobs.ashbyhq.com/ironcladhq/8f85abf1-c8ab-4868-a6a1-2720d2433db5/application,4/24/2026
89.5507,Memorial Sloan Kettering Cancer Center,"Software Engineer II, Integrated Genomics","New York, NY",Onsite,$101K/yr - $161K/yr,2,TRUE,8 hours ago,"HTML, CSS, JavaScript, TypeScript, React, Java, Python, Node.js, REST APIs, GraphQL APIs, SQL, Relational databases, Growth-oriented attitude, Customer-focused orientation","Linux environment, Command-line tools, Genomics, Bioinformatics, AI coding assistants, Curiosity",https://msk.wd108.myworkdayjobs.com/en-US/MSKCC_Careers_Primary/job/New-York-NY/Bioinformatics-Software-Engineer-II--Integrated-Genomics_94268-1?source=LinkedIn,4/22/2026
89.5194,GitHub,"Software Engineer II, Data Engineering",United States,Remote,N/A,2,TRUE,18 minutes ago,"Software Engineering, C, C++, JavaScript, Python, Microservices, Scripting languages, Cloud environments, Relational databases, Non-relational databases, Azure Storage, Azure Redis Cache, Azure Data Explorer","C#, Go, Ruby, Rust, Large-scale system architecture, Distributed systems, Cloud Native Compute Foundation (CNCF), Cosmos DB",https://githubinc.jibeapply.com/jobs/5344?lang=en-us&iis=Job+Board&iisn=LinkedIn&lever-source=LinkedinPosting,4/22/2026
89.4097,Zoom,Senior Software Engineer,"San Jose, CA",Hybrid,$99K/yr - $229K/yr,5,TRUE,6 hours ago,"Java, Microservices Architecture, RESTful APIs, AWS, Azure, GCP, SQL, NoSQL, MySQL, DynamoDB, MongoDB, Cloud infrastructure, Multi-threaded concurrent programming, AI agent design, Strategic thinking","Spring Boot, Spring MVC, Elasticsearch, AI-powered coding, Testing tools, Development",https://zoom.wd5.myworkdayjobs.com/Zoom/job/San-Jose-CA/Senior-Software-Engineer_R19057-1?source=linkedin,4/24/2026
89.3828,Bamboo Health,Software Engineer,United States,Remote,N/A,2,TRUE,12 hours ago,"Java, Object-oriented development, Relational database design, SQL, AWS, Public cloud environments, JavaScript, AI-supported tools, Analytical skills","ORM, Spring Boot, Automated testing, Curiosity, Judgment",https://ats.rippling.com/bamboo-health-careers/jobs/9f54b0ae-2b18-4f3d-90bc-3d2c4e83110e,4/24/2026
89.2574,Adobe,Software Development Engineer,"Lehi, UT",Onsite,$93K/yr - $179K/yr,N/A,TRUE,15 hours ago,"JavaScript, TypeScript, React, HTML5, CSS3, AI/ML-powered product features, Data visualization, Containerized development, Docker, Kubernetes","UI/UX principles, Figma, AI-powered coding aids, Front-end performance optimization, Accessibility implementation",https://careers.adobe.com/us/en/job/ADOBUSR166371EXTERNALENUS/Software-Development-Engineer?utm_source=linkedin&utm_medium=phenom-feeds&source=LinkedIn,4/22/2026
89.2262,JPMorganChase,Data Engineer II - AWS/PySpark/ETL,"1111 Polaris Pkwy, Columbus, OH, 43240, US",Onsite,N/A,2,TRUE,1 hour ago,"Data Engineering, ETL Tools, Data Pipeline, Python, AWS, Data Lakes, Databricks, System Design, Testing, Automation, Continuous Delivery, SQL, Java, Software Development Life Cycle, Agile Methodologies, CI/CD, Cloud Computing, Artificial Intelligence, Machine Learning","Ab Initio, Informatica, Workflow Management Tools, Airflow, PySpark, Snowflake, Application Development, Operational Stability, Application Resiliency, Security, Financial Services IT Systems",https://jpmc.fa.oraclecloud.com/hcmUI/CandidateExperience/en/sites/CX_1001/job/210737118,4/24/2026
89.1821,Clarivate,Senior Software Engineer,"Ann Arbor, MI",Hybrid,N/A,3,TRUE,18 hours ago,"Software Development, Text Processing, Cross-Browser Development, Server-Side Services, RESTful Web APIs, Object-Oriented Design, Design Patterns, Angular, AngularJS, TypeScript, JavaScript, HTML, CSS, Node.js, Relational Databases","Intellectual Property Domain, Semantic Search, Cross-Platform Development, Security Practices, DotNet Framework, .NET Framework, C#, ASP.NET Core, Secure Coding, Code Reuse, SCSS, Version Upgrades, Package Management, Npm, NuGet",https://careers.clarivate.com/job/CLACLAGBJREQ135363EXTERNALENGB/Senior-Software-Engineer?utm_source=linkedin&utm_medium=phenom-feeds,4/24/2026
88.9318,Metrolina Greenhouses,Junior Software Engineer,"Huntersville Salary, Huntersville, NC, US",Hybrid,N/A,0,TRUE,5 hours ago,"Object-oriented programming, Java, Software development fundamentals, Version control, Debugging, Unit testing, RESTful APIs, JSON, SQL, Relational databases, Data transformation, Data mapping","C#, .NET Core, HTTP methods, XML, Data validation",https://workforcenow.adp.com/mascsr/default/mdf/recruitment/recruitment.html?cid=c21fbcfb-994b-4c7a-8ab0-2c20bd60bcdd&jobId=9201839106394_1,4/24/2026
88.8206,Adolfson & Peterson Construction,Full Stack Developer,"Bloomington, MN",Onsite,$87K/yr - $140K/yr,3,TRUE,12 hours ago,"Vue.js, JavaScript, HTML, CSS, Azure SQL, SQL Server, RESTful APIs, Visual Studio, Microsoft Azure, CI/CD processes, Query optimization",".NET, C#, Entity Framework, SQL Server Management Studio, Cloud-based SaaS integrations, Database design",https://ap.wd12.myworkdayjobs.com/en-US/AP_Careers/job/Bloomington-MN/Full-Stack-Developer_JR100568-1?source=LinkedIn,4/22/2026
88.788,Protective Life,Software Engineer,"Birmingham, AL",Hybrid,$70K/yr - $103K/yr,3,TRUE,2 hours ago,"Software development, Visual Studio, SQL database development, SQL Server, ASP.NET MVC, HTML, CSS, JavaScript, Unit testing, Independent work, Decision-making","C#, .NET development, ASP.NET Web API, WCF, SOAP",https://jobs.lever.co/protective/dd17f4cd-e61e-4063-9acb-ed6dd35617a7/apply?utm_source=jobright,4/24/2026
88.5664,OneMagnify,AI Engineer,United States,Remote,N/A,2,TRUE,7 hours ago,"Data Science, Artificial Intelligence, Large Language Models, Object-oriented programming, DataBricks, Data analytics, Python, SQL, PowerBI, Project management","Business intelligence tools, R, Domo, Tableau",https://onemagnify.wd5.myworkdayjobs.com/OneMagnify_Careers/job/Remote/AI-Engineer_R1995?source=LinkedIn,4/24/2026
88.5103,Boot Barn,Web Developer,"Wichita, Kansas Metropolitan Area",Onsite,$100K/yr - $120K/yr,2,TRUE,1 hour ago,"Web Development, Software Development Life Cycle, Object-Oriented Programming, REST APIs, JSON, Git Version Control","Salesforce Commerce Cloud, E-commerce, Customer Service",https://www.linkedin.com/jobs/view/4404494541,4/22/2026
88.4049,Aura,"Software Engineer, Backend",United States,Remote,N/A,4,TRUE,6 hours ago,"Python, Containers, Docker, Kubernetes, Cloud Environments, AWS, Git","Backend Development, Linux, Terraform",https://boards.greenhouse.io/embed/job_app?token=5837490004&utm_source=jobright,4/24/2026
88.3801,Grant Street Group,Data Engineer,United States,Hybrid,$80K/yr - $180K/yr,N/A,TRUE,2 hours ago,"SQL, Data modeling, ETL, Python, AWS, GCP, Databricks, Shell scripting","Go, Groovy, Perl, Cloud data engineering, TechOps, Linux command line",https://jobs.lever.co/grantstreet/50b37d2c-be0d-4718-9ded-dafe63b03378/apply?source=LinkedIn,4/24/2026
88.2399,Mastercard,Software Engineer ||,"O'Fallon, MO",Hybrid,$92K/yr - $147K/yr,N/A,TRUE,1 hour ago,"Algorithms, Data structures, Object-oriented development, Design patterns, Java, JavaScript, Angular, SQL, REST APIs, Unit testing, Integration testing, JUnit, Agile methodology, Analytical skills, Proactiveness","Full stack development, Secure coding, Spring Framework, Spring Data JPA, Service level testing, Mockito, Jasmine",https://careers.mastercard.com/us/en/job/MASRUSR275823EXTERNALENUS/Software-Engineer?utm_source=linkedin&utm_medium=phenom-feeds&source=LINKEDIN,4/22/2026
88.1915,"Arrowstreet Capital, Limited Partnership",Senior AI Software Engineer,"Boston, US",Onsite,$115K/yr - $325K/yr,5,TRUE,4 hours ago,"Python, Machine Learning, Generative AI, Large Language Models, Data Integration, AI/ML Frameworks, Data Pipelines, RESTful APIs, Data Structures, Algorithms, Docker, Kubernetes, AWS, MLOps, DevOps CI/CD, GitLab, Agentic AI Frameworks, Responsible AI, Ethical AI, Analytical Skills","PyTorch, TensorFlow, Hugging Face, Layered Architecture, Infrastructure-as-Code, Ansible, Terraform, CloudFormation, Compliance in AI",https://arrowstreetcapital.wd5.myworkdayjobs.com/Arrowstreet/job/Boston/Senior-AI-Software-Engineer_R1361,4/24/2026
87.5471,Alibaba Cloud,Software Engineer-Seattle,"Seattle, WA",Onsite,$156K/yr - $257K/yr,N/A,TRUE,6 hours ago,"C/C++ programming, Data structures, Algorithms, Multi-threaded programming, Debugging, Python, Scripting languages, Distributed storage","Network programming, Linux operating system, Kernel development, Distributed computing, Fault-tolerant protocols",https://careers.aliyun.com/en/off-campus/position-detail?lang=en&positionId=100009583008&source=linkedin,4/22/2026
87.4094,Ardurra,Data Engineer - Cloud Automation (Azure),"Dallas, TX",Onsite,N/A,2,TRUE,5 hours ago,"Microsoft Azure, Databricks, Python, SQL, Data Engineering, Data Integration, ETL/ELT, Automation, Power Automate","Spark, Infrastructure as Code, Terraform, Bicep, ARM templates",https://recruiting.ultipro.com/KIN1006KEAI/JobBoard/8e199c52-6215-4abe-8c26-7a342cd4ff7e/OpportunityDetail?opportunityId=e4d01673-4efc-4e90-b04e-9a472c9baf78&source=LinkedIn,4/22/2026
87.3496,Kuvare Holdings,Digital Developer,"Cedar Rapids, IA",Onsite,N/A,N/A,TRUE,5 minutes ago,"JQuery, HTML, CSS, JavaScript, Angular Framework, Restful APIs, SQL","C#, Bootstrap, Active Reports, TFS (source control), Data privacy practices",https://ats.rippling.com/kuvare-jobs/jobs/5effaf32-19f4-404b-a3ec-e01c7810bb94,4/24/2026
87.3332,BlackRock,"Python/Data Engineer - SMA Solutions, Associate","Sausalito, CA",Hybrid,N/A,3,TRUE,7 hours ago,"Python, SQL, Programming fundamentals, Algorithms, Data structures, Design patterns, Troubleshooting, Big data analytics, Cloud environment Azure, Cloud environment GCP, Cloud-native container orchestration","Full-stack engineering, Extract-Transform-Load (ETL), Cloud environment AWS, Python data analytics frameworks, Snowflake, Data warehousing, DAG-based job scheduling, Financial Services industry experience, Work in fast-paced interdisciplinary environment",https://careers.blackrock.com/job/-/-/45831/89416338272?source=LinkedIn,4/24/2026
87.2353,Hertz,Sr Full Stack Developer - SFMC,"Atlanta, GA",Onsite,$120K/yr - $120K/yr,5,TRUE,11 hours ago,"JAVA, C++, HTML, CSS, JavaScript, AMPScript, SQL, SOQL, SOAP APIs, REST APIs, ETL pipelines, Databricks, AWS microservices, Data analysis, Data warehouses, Big Data technologies, API integration, Decision making","Salesforce Marketing Cloud, Salesforce Marketing Cloud Certified Developer, Salesforce.com Platform Development, Salesforce.com Certified Platform Developer, APEX, VisualForce, Terraform, CloudFormation",https://fa-evlf-saasfaprod1.fa.ocs.oraclecloud.com/hcmUI/CandidateExperience/en/job/39157/?utm_medium=jobboard&utm_source=linkedin,4/22/2026
87.0067,Picarro,Systems Engineer - Data Analysis & Algorithms,"Santa Clara, CA",Onsite,$120K/yr - $130K/yr,N/A,TRUE,1 hour ago,"Python, Jupyter notebooks, NumPy, Mathematics, Statistics, Data analysis, Data modeling, Data visualization, Algorithm development, Data pipelines, Scientific datasets","SciPy, Pandas, Matplotlib, Software development tools",https://grnh.se/sg6dz4qb8us,4/22/2026
86.8684,New Visions for Public Schools,Senior Data Manager,"New York, NY",Hybrid,$110K/yr - $181K/yr,3,TRUE,2 hours ago,"Data management, Data analytics, SQL, ETL/ELT development, Data pipeline management, Data modeling, Database performance tuning, PostgreSQL, Git, GitHub, Database optimization, Analytical skills","R programming, Schema design, AWS Redshift, AI model usage for code creation, Prioritization, Multi-tasking, Persistence, Independence",https://boards.greenhouse.io/embed/job_app?token=7826174&utm_source=jobright,4/22/2026
86.7723,NVIDIA,"Software Engineering, Data Infrastructure","Santa Clara, CA",Onsite,$116K/yr - $190K/yr,2,TRUE,18 minutes ago,"Python, Cloud Services, Amazon Web Services, Docker, ETL pipelines, Data warehouses, Data lakes","Database architectures, Airflow, Spark, Scala, Parquet, Protobuf",https://nvidia.wd5.myworkdayjobs.com/NVIDIAExternalCareerSite/job/US-CA-Santa-Clara/Software-Engineering--Data-Infrastructure_JR2015096?source=jobboardlinkedin,4/22/2026
86.705,Ascensus,Senior Data Engineer,"Newton, MA, US",Onsite,$120K/yr - $140K/yr,5,TRUE,4 hours ago,"ETL Tools, Database Programming, Data Modeling, Relational Databases, Oracle Database, MySQL, Artificial Intelligence Agents, Performance Diagnosis, Data Storage Management, Star Schema Data Models, Code Review, Python, Data Modeling with ER/Studio Data Architect, PowerBI, Analytical Skills","Data Warehousing, Oracle PL/SQL, Sybase ASE, SSAS, Remediation, Data Partitioning, Data Retention Policies, Pandas, PySpark, CI/CD for Database Deployments, Liquibase",https://ascensushr.wd1.myworkdayjobs.com/ascensuscareers/job/Newton-MA/Senior-Data-Engineer_R0021206,4/24/2026
86.6234,InterSystems,AI Application Engineer,"Boston, MA",Onsite,$127K/yr - $167K/yr,5,TRUE,4 hours ago,"AI/ML solutions, LLM inference, Similarity search, Vector databases, Python, C++, Cloud environments, Containerization technologies","Agentic applications, Guardrails, Memory systems, ObjectScript",https://www.linkedin.com/jobs/view/4384543520,4/24/2026
86.601,The Walt Disney Company,Software Engineer II,"Seattle, WA",Onsite,$120K/yr - $161K/yr,3,TRUE,12 hours ago,"SQL, Data analysis, Statistical methods, MySQL, Python, Java","Snowflake, Hive, Scala, Patience, Resilience",https://www.disneycareers.com/job/-/-/391/94227392800?source=LINKEDIN_JOB_SLOTS,4/22/2026
86.5697,Mage,Front-End Engineer,"Santa Clara, CA",Onsite,N/A,N/A,TRUE,12 hours ago,"React, TypeScript, Modern web tooling, Data visualization, Performance optimization, Design systems","State management, Motion design, UX flow",https://www.mage.ai/company/careers/front-end-engineer,4/24/2026
86.4221,Greater New York Insurance Companies,Associate AI Engineer,"Edison, NJ",Hybrid,$69K/yr - $124K/yr,1,TRUE,2 hours ago,"Large Language Models (LLMs), Generative AI (GenAI), Agentic AI, AI/ML Engineering, Python, AI/ML Libraries, Prompt Engineering, Vector Databases, Microsoft Azure, Azure OpenAI, Azure Functions, Azure Logic Apps, Azure Kubernetes Service (AKS), API Development, CI/CD Pipelines, Git Version Control, Agile Delivery","Retrieval-Augmented Generation (RAG) Architectures, Semantic Search, Agent Orchestration Frameworks, System Integration, Data Privacy, Security, Compliance, Insurance Domain",https://www.paycomonline.net/v4/ats/web.php/portal/D25120971391831BA4315C705AA7ABF1/jobs/387329,4/24/2026
86.352,Bass Pro Shops,JR Front-End Developer,"Springfield, MO",Onsite,N/A,1,TRUE,5 hours ago,"HTML5, CSS, JavaScript, Front-end frameworks, JQuery, Version control, Performance optimization, CSS pre-processors, Team-oriented mindset","Responsive web design, CMS platforms, Accessibility (ADA), SEO best practices, Receptive to creative direction, Constructive feedback",https://careers.basspro.com/us/en/job/BPSHUSR253393EXTERNALENUS/JR-Front-End-Developer?utm_source=linkedin&utm_medium=phenom-feeds,4/22/2026
86.337,RADcube,Full Stack Developer (Angular + .NET),United States,Remote,N/A,N/A,TRUE,18 hours ago,"Angular, RESTful APIs, Multithreading, HTML5, CSS3, JavaScript, TypeScript, Azure App Services, CI/CD pipelines, Git, Agile/Scrum","RxJS, C#, .NET Core, Single-page applications, Reactive programming, LINQ, Async/await, SASS, Azure DevOps",https://radcube.zohorecruit.in/jobs/Careers/208841000004968711/Full-Stack-Developer-Angular-NET?source=LinkedIn-Basic&embedsource=LinkedIn%2BLimited%2BListings,4/22/2026
86.1219,Commure,"Fullstack Engineer, Integrations","Mountain View, CA",Hybrid,$135K/yr - $200K/yr,2,TRUE,3 hours ago,"JavaScript, HTML, CSS, Python, C++, Git, Google Cloud Platform, Amazon Web Services, Docker, Kubernetes, Relational Databases, Non-relational Databases","Go, Monitoring, Alerting Tools, Healthcare Integration, HL7, FHIR, HIPAA Compliance",https://jobs.ashbyhq.com/Commure/39e07152-a3d2-47c0-8c5b-36e8b3a6cdf5/application?utm_source=PnDq6E4Omw&source=X34Yya61zq,4/24/2026
86.0347,FICO,"Sr Software Engineer (Java, Streaming)",United States,Remote,$122K/yr - $192K/yr,N/A,TRUE,12 hours ago,"Software Design Principles, Java, Software Design Patterns, Cloud Deployment Models, Kubernetes, Docker, MySQL, Microservice Architecture, Data Flow Concepts, Multi-cloud Platforms, Coaching","Software Architecture, Spring Framework, Open-source Technologies, Oracle, Stream Processing Platforms, Domain-driven Design, Event-driven Architecture",https://fico.wd1.myworkdayjobs.com/en-US/External/job/Work-from-Home-United-States/Sr-Software-Engineer--Java--Streaming-_31383?source=LinkedIn,4/24/2026
85.9528,ZoomInfo,Software Engineer III - Contributory Network,"Waltham, MA",Hybrid,$112K/yr - $176K/yr,3,TRUE,8 hours ago,"Data Engineering, Software Engineering, Java, ETL, Cloud platforms, Google Cloud Platform, BigQuery, Dataflow, Data modeling, Data quality practices, Front-End Development, Angular, REST APIs","ELT, Apache Beam, Apache Airflow, Apache Spark, Streaming technologies, Kafka, Pub/Sub, Google Kubernetes Engine, Dataproc, Schema design",https://www.linkedin.com/jobs/view/4394311304,4/22/2026
85.9079,Nozomi Networks,AI Developer,United States,Remote,$140K/yr - $176K/yr,3,TRUE,6 hours ago,"Artificial Intelligence, Machine Learning, Python, JavaScript, TypeScript, API Development, Microservices, Large Language Models (LLM), Prompt Engineering, AI Agent Frameworks, Data Warehouses, Vector Databases, Cloud Platforms AWS, Cloud Platforms Azure, Cloud Platforms GCP, Data Governance, Automation Platforms","Enterprise Integrations, Model Context Protocol (MCP), ERP Systems, CRM Platforms, Retrieval-Augmented Generation (RAG), Knowledge Graphs, AI Orchestration Frameworks, Enterprise Data Models, Workflow Engines, Security, Compliance for Enterprise AI",https://www.linkedin.com/jobs/view/4404469018,4/22/2026
85.582,Kiewit,Data Engineer-Kiewit Nuclear Solutions,United States,Remote,$136K/yr - $142K/yr,6,TRUE,4 hours ago,"Data Engineering, Data Analytics, Azure Databricks, Azure Data Lake, Azure Data Factory, SQL Server, Python, Git, Data Modeling, ETL/ELT Pipelines, Performance Optimization, Data Governance","Data Warehousing, PySpark, Spark SQL, Snowflake, Data Quality Frameworks, Troubleshooting Data Workflows",https://www.linkedin.com/jobs/view/4393487868,4/24/2026
85.5202,Ondo Finance,Full-Stack Software Engineer,United States,Remote,N/A,1,TRUE,12 hours ago,"Node.js, React, JavaScript, TypeScript, Web applications, APIs, Frontend architecture, Performance optimization","AI-native engineering workflows, Full-stack development, Distributed systems, Reliability engineering, Usability engineering",https://jobs.gem.com/ondo-finance/am9icG9zdDrh27HT0Wob7hddUW8uTKFs,4/22/2026
85.4656,New York Life,Senior Associate: Data Engineer,"New York, NY",Hybrid,$100K/yr - $143K/yr,3,TRUE,1 hour ago,"Dbt data modeling, Dbt transformation pipelines, Databricks, SQL, Distributed data processing, Streaming data pipelines, Real-time data ingestion, Analytical thinking","AWS Glue ETL development, AWS Glue job orchestration, AWS Glue catalog integration, Kafka, PySpark",https://careers.newyorklife.com/careers/job/39258796?microsite=newyorklife.com&domain=newyorklife.com,4/22/2026
84.9009,Hagerty,Business Application Developer,United States,Remote,N/A,N/A,TRUE,9 hours ago,"Microsoft Dynamics 365, JavaScript, TypeScript, React, API consumption, REST, GraphQL, SQL, Automation tooling, CI/CD, Azure deployments, Testing, Ownership mindset","Low-code/no-code platforms, ReTool, AppSmith, Service accounts, Code-based point solutions, Monitoring, Security practices, Quality mindset",https://hagerty.wd5.myworkdayjobs.com/hagerty/job/United-States/Business-Application-Developer_R5141?source=LinkedIn,4/22/2026
84.8571,Greater New York Insurance Companies,Data Engineer - Guidewire,"Edison, NJ",Hybrid,$62K/yr - $110K/yr,5,TRUE,2 hours ago,"Data modeling, Data architecture, Data integration, Relational databases, SQL Server, MySQL, ETL processes, Data pipeline development, Azure Databricks, Azure Data Factory, Azure SQL Database, Azure Data Lake Storage Gen2, Power BI, Data governance, Data security","Insurance domain knowledge, Guidewire Policy Center, Guidewire Billing Center, Guidewire Commercial P&C data models, Guidewire CDA data model, Oracle, Apache Spark, Delta Lakehouse, Data warehousing, Azure Event Grid, Azure Key Vault, Metadata management, Data quality frameworks, Encryption, Anonymization",https://www.paycomonline.net/v4/ats/web.php/portal/D25120971391831BA4315C705AA7ABF1/jobs/387352,4/24/2026
84.7581,Boar's Head Brand,Software Engineer I- Onsite,"Sarasota, FL, US",Onsite,N/A,2,TRUE,4 hours ago,"JavaScript, Java, Oracle SQL, Ext JS, Angular, Web Services Deployment, Oracle Database, PHP, Eclipse, System Development Life Cycle, Waterfall Methodology, Agile Methodology","JSP, Java Web Service, Application Architecture Documentation, Enterprise Architecture Integration, Oracle Fusion Middleware, SOA Suite, BPEL, WebLogic, UCM, Linux",https://boarshead.wd1.myworkdayjobs.com/bhc/job/Sarasota-FL/Software-Engineer-I--Onsite_34126-1,4/22/2026
84.7572,FIS,"Software Engineer, C++","Milwaukee, WI",Onsite,N/A,N/A,TRUE,7 hours ago,"C++, Multithreading, Object Oriented Programming, Design Patterns, Relational Databases, PLSQL, Scrum, Source Control Management, GIT, Bitbucket, Artificial Intelligence, Scaled Agile Framework (SAFe)","C#, DotNetCore, .Net Framework 4.8, SOLID principles, Artifactory, Build Tools, Jenkins, Ansible",https://careers.fisglobal.com/us/en/job/FIGLUSJR0303298EXTERNAL/Software-Engineer-C?utm_source=linkedin&utm_medium=phenom-feeds,4/22/2026
84.72,iManage,Senior AI Data Engineer,"Chicago, IL",Hybrid,$120K/yr - $170K/yr,4,TRUE,10 hours ago,"Data engineering, Python, Natural language processing, Tokenization, NLTK, DataOps, Git, Data versioning, Data lineage, Data security, Microsoft Azure, Collaborative mindset","Unstructured text data processing, PySpark, Embeddings, Semantic search, SpaCy, HuggingFace Datasets, Cloud data infrastructure, Machine learning data pipelines, Data validation, Data privacy, Curiosity",http://imanagecom.applytojob.com/apply/Gsyz0IZVAd?source=LinkedIn,4/22/2026
84.4806,Thrivent,Engineer,United States,Remote,$82K/yr - $110K/yr,3,TRUE,59 minutes ago,"Software Development Life Cycle (SDLC), Systems design, Java, SQL Server, Python, SQL, GitHub, AI tools, DevOps, Debugging, Database querying","Operating Systems, Application Development Platforms, Spring, Kafka, Financial Services industry experience, Suitability technologies, Innovative mindset",https://careers.thrivent.com/jobs/46557/engineer/?source=ORG_LI,4/24/2026
84.1053,Yahoo,Frontend Software Engineer II,United States,Remote,$111K/yr - $231K/yr,3,TRUE,15 hours ago,"TypeScript, React, React Hooks, React Context, React Server Components, GraphQL, HTML5, CSS3, Git, CI/CD, GitHub Actions, Computer Science Fundamentals, Data Structures, Algorithms, Software Design Principles","Next.js, Apollo Client, Responsive Design, Accessible Design, WCAG, Vitest, Jest, React Testing Library, Playwright, Cypress, Figma, Self-directed, Resourcefulness",https://ouryahoo.wd5.myworkdayjobs.com/en-US/careers/job/United-States-of-America/Frontend-Software-Engineer-II_JR0027055?source=LinkedIn,4/22/2026
83.9289,Commure,"Senior Software Engineer, Applied AI","Mountain View, CA",Onsite,$150K/yr - $210K/yr,4,TRUE,4 hours ago,"Python, Frontend technologies, React, Typescript, Containers, Cloud, Docker, Kubernetes","Full-Stack programming, Flutter, Production environment building, Alerting, Metrics tracking, Software reliability engineering",https://jobs.ashbyhq.com/Commure/c1261830-47f0-430f-8593-6f9c1203f5e5/application?utm_source=PnDq6E4Omw&source=X34Yya61zq,4/24/2026
83.6681,QuikTrip,Data Engineer II,"Tulsa, OK",Onsite,$106K/yr - $133K/yr,3,TRUE,13 hours ago,"Data Engineering, Data Pipelines, Data Hub, ETL, T-SQL, Data Profiling, Power BI, Programming Languages, Systems Design","Data Warehouse, Data Mart, Business Intelligence Modeling, Master Data Management (MDM) Tools, BI Modeling Tools, SSAS, C#, Systems Analysis, Installation Procedures, IT Concepts, Practices, Procedures",https://careers.quiktrip.com/QuikTrip/job/TULSA-Data-Engineer-II-OK-74134/1359974000/?src=LinkedIn,4/22/2026
83.5226,DeepIntent,Applied AI Engineer,"New York, New York",Hybrid,$105K/yr - $120K/yr,2,TRUE,6 hours ago,"Applied AI, Large Language Models (LLMs), Software Development, RESTful APIs, Python, Prompt Engineering","OpenAI, Anthropic Claude, Workflow Automation",https://boards.greenhouse.io/embed/job_app?token=5979052004&utm_source=jobright,4/22/2026
83.3378,Ironclad,AI Engineer,"San Francisco, CA",Hybrid,$150K/yr - $180K/yr,N/A,TRUE,6 hours ago,"Large language models, Vector databases, Machine learning model training, Machine learning model evaluation, Machine learning model serving, Python, RESTful APIs, Natural language processing (NLP), Text classification, AI frameworks, Cloud platforms, Google Cloud Platform (GCP), Amazon Web Services (AWS), Microsoft Azure, Version control systems, Git, Software engineering fundamentals","Retrieval-augmented generation (RAG) systems, Embedding models, Backend service development, Entity extraction, Document understanding, Question answering, PyTorch, TensorFlow, HuggingFace, OpenAI APIs, LangChain",https://jobs.ashbyhq.com/ironcladhq/683508f2-85c0-4d73-8dbc-c4ea54712f63/application,4/24/2026
83.0641,Cognizant,Data Engineer - Talend & Databricks,United States,Remote,$130K/yr - $150K/yr,N/A,TRUE,4 hours ago,"Databricks, JSON, Excel, MongoDB, Relational databases, SQL Server, Java, Python, ETL processing, Query development","Talend Data Integration, Talend Data Mapper, Healthcare data formats, X12 (834/837), XML, Flat files, Oracle, Teradata, Data validation",https://careers.cognizant.com/global-en/jobs/00068079841/data-engineer-talend-databricks/?source=JB-11500,4/24/2026
83.0107,Cognizant,.Net Solution Architect,"Stratford, CT",Onsite,$110K/yr - $130K/yr,N/A,TRUE,4 hours ago,"AWS Cloud, Microservices Architecture, RESTful API Design, API Integration, Angular, Microsoft SQL Server, PostgreSQL, Jenkins CI/CD, Design Patterns","C#, .NET Core Framework, Distributed Systems, Disaster Recovery Design, SOLID Principles, Enterprise Architecture",https://careers.cognizant.com/global-en/jobs/00067763471/net-solution-architect/?source=JB-11500,4/24/2026
82.4951,Merrick Bank,.Net Developer I,"South Jordan, UT",Hybrid,N/A,1,TRUE,42 minutes ago,"Object Oriented Programming, Software Development, REST, JSON, WebAPI, Microsoft MVC, HTML, CSS, Software design patterns, JavaScript, JQuery, Angular.js, Microsoft LINQ to SQL","Financial Services Industry experience, Microsoft .NET Framework, Microsoft WCF, N-Tier software systems, Business layer development, Data layer development, AJAX, Bootstrap, Cross-device mobile application development, Entity Framework, C#",https://cardworks.wd12.myworkdayjobs.com/Merrick_Bank_External/job/South-Jordan/Developer-I_JR100880-2?source=LinkedIn,4/22/2026
82.3441,DoubleVerify,Sr Data Platforms Engineer,"New York, NY",Hybrid,$111K/yr - $222K/yr,5,TRUE,7 hours ago,"BigQuery, SQL Server, MongoDB, ETL/ELT pipelines, CI/CD pipelines, Programming - Python, Programming - Java, Programming - Go, Programming - Bash, Cloud platforms - GCP","Data warehouse technologies, Snowflake, CloudSQL, Data movement, Integration, Infrastructure as Code, Terraform, CloudFormation, Data platform tooling - Airbyte, Data platform tooling - Liquibase, Data platform tooling - dbt",https://boards.greenhouse.io/embed/job_app?token=8418859002&utm_source=jobright,4/24/2026
82.2209,Cal Coast Credit Union,Software Developer,"San Diego, CA",Onsite,$54.46/hr - $68.07/hr,N/A,TRUE,6 hours ago,"Object Oriented Programming, Java, HTML, JavaScript, Microsoft SQL Server, T-SQL, API Development, Web Services, Source Control Tools, Visual Studio, GitHub, Agile Development, Python","C#, UNIX, Team Foundation Server, Azure DevOps Server, SDLC, .NET, XML, Microsoft IIS, Java Web Applications, Financial Services, Customer Service, Prioritization",https://www.linkedin.com/jobs/view/4404456295,4/22/2026
82.1309,"RXO, Inc.",Senior Software Engineer,"Chicago, IL",Onsite,$100K/yr - $130K/yr,3,TRUE,3 hours ago,"Angular, AngularJS, SQL Server, NoSQL databases, RESTful APIs, Microservices, Docker, Kubernetes","C#, NET Core, Couchbase, Elasticsearch, Event driven architecture, RabbitMQ, Confluent Kafka",https://rxo.wd501.myworkdayjobs.com/rxojobs/job/Chicago-Illinois/Senior-Software-Engineer_JR102900?source=LinkedIn,4/22/2026
82.1229,HP,AI Software Engineer - HP IQ,"San Francisco, CA",Onsite,$127K/yr - $175K/yr,1,TRUE,1 hour ago,"Python, Java, C++, Tool use with LLMs, SQL databases, NoSQL databases, Agile environment, Work in a fast-paced","Large Language Model (LLM) integration, Agent orchestration, Memory/context management in multi-agent systems, Prompt engineering for LLMs, Task decomposition, Structured output generation, Data streaming technologies",https://HPINC.contacthr.com/151865875?src=Linkedin+Full+Feed,4/22/2026
82.1124,Goldman Sachs,Data Engineering - Data Quality Assurance Specialist - Salt Lake City,"Salt Lake City, UT",Onsite,N/A,4,TRUE,4 hours ago,"Data querying, Data analysis, Data governance, Python, JavaScript, Analytical thinking","Data quality assurance, Data testing, Financial services domain, Transaction testing, Controls testing, Auditing, Financial regulatory reporting",https://hdpc.fa.us2.oraclecloud.com/hcmUI/CandidateExperience/en/job/165556/?utm_medium=jobshare&mode=job&iis=LinkedIn,4/24/2026
82.0932,Electronic Arts (EA),AI Enablement Engineer,"Austin, TX",Hybrid,CA$122K/yr - CA$171K/yr,4,TRUE,4 hours ago,"Python, JavaScript, HTML, CSS, Agentic AI software engineering, Prompt engineering, AI agents, AI assistants, Vector databases, Model tuning, Model evaluation, Model benchmarking, Cloud services, AWS, Azure, GCP, Microservices design, CI/CD, Software engineering","C#, Context engineering, Agentic architectures, Tool calling, Model Context Protocol (MCP), Retrieval-Augmented Generation (RAG), Embeddings, Model guardrails, Enterprise architecture, Telemetry, Infrastructure as code",https://jobs.ea.com/en_US/careers/JobDetail/AI-Enablement-Engineer/211565?source=LinkedIn,4/24/2026
81.8802,"Reddit, Inc.","Software Engineer III, Community Builders",United States,Remote,$164K/yr - $230K/yr,2,TRUE,1 hour ago,"Software Engineering, Python, BigQuery, Cassandra, PostgreSQL, Kubernetes, Docker","Scalable Computing, Go, Spark, Kafka, Airflow, Redis, Entrepreneurial spirit",https://boards.greenhouse.io/embed/job_app?token=7767702&utm_source=jobright,4/22/2026
81.7525,Citi,Applications Development Java Programmer – Assistant Vice President,"New Castle, DE",Onsite,$107K/yr - $161K/yr,5,TRUE,5 minutes ago,"Java, API design, Cloud engineering, RESTful APIs, SQL, NoSQL databases, MongoDB, Cloud-native technologies, Kubernetes, Clean code principles, Design patterns, Software development lifecycle, Agile methodologies, DevOps practices, CI/CD pipelines","Spring Framework, Spring Boot, Oracle, OpenShift, Messaging systems, MQ, Kafka, Systems analysis, Financial domain - Payments, Work autonomously",https://ad.doubleclick.net/ddm/trackclk/N4789.466581LINKEDIN.COM/B31905749.393702677;dc_trk_aid=614240951;dc_trk_cid=235979136;dc_lat=;dc_rdid=;tag_for_child_directed_treatment=;tfua=;ltd=;dc_tdv=1;dc_transparent=1;?https://jobs.citi.com/job/-/-/287/94342680368?source=APPLICANT_SOURCE-3-354&utm_medium=job_posting&utm_campaign=nam_experienced&utm_content=social_media&utm_term=393702677&ss=paid&utm_source=linkedin,4/24/2026
81.4977,Listen Labs,"Member of Technical Staff, Applied AI","San Francisco, CA",Onsite,$150K/yr - $300K/yr,N/A,TRUE,40 minutes ago,"AI, LLM, Speech analysis, Data analysis, Modeling, Problem solving, Communication, Attention to detail","Computer vision, Backend development, UX design, Research methodologies",https://jobs.ashbyhq.com/listenlabs/c5ac0e6f-2824-40c9-b10f-8370c3d53f59/application?utm_source=jobright,4/22/2026
81.4122,Beth Israel Lahey Health,Senior Development and Operations Engineer,"Beth Israel Lahey Health, US",Onsite,$89K/yr - $114K/yr,5,TRUE,55 minutes ago,"Python, Node.js, SQL, MySQL, Amazon Web Services (AWS), Google Cloud, Docker, Kubernetes, Decision Making, Written Communications, Oral Communications, Team Work","Unix/Linux, Chef, Jenkins, DevOps Engineering, Customer Service",https://bilh.wd1.myworkdayjobs.com/external/job/Beth-Israel-Lahey-Health/Senior-Development-and-Operations-Engineer_JR94106,4/24/2026
81.2143,TD Securities,Sr Java Developer / IT Solutions Designer (US),"Mount Laurel, NJ",Onsite,$79K/yr - $128K/yr,5,TRUE,4 hours ago,"Java, Web Services, REST Services, JavaScript, REST API Design Patterns, OAuth, Microservices, Bitbucket, Git, GitHub, Cloud Services on Azure, Docker, Kubernetes, Agile Methodology, MySQL, NoSQL Databases","J2EE, Spring Security, Spring Boot, Spring Framework, Dependency Injection, Maven, Jenkins, JIRA, Financial Industry Experience, Credit Card Industry Experience",https://td.wd3.myworkdayjobs.com/en-US/TD_Bank_Careers/job/Mount-Laurel-New-Jersey/Sr-Java-Developer---IT-Solutions-Designer--US-_R_1485848?source=LinkedIn,4/22/2026
81.1208,Claritas Rx,"Data Engineer, Customer Engineering",United States,Remote,$120K/yr - $140K/yr,5,TRUE,4 hours ago,"Data Architecture, Data Transformation, Data Modeling, BI Dashboard Design, Python, Java, Relational Databases, SQL, Data Concepts, ETL, Agile Software Development, AWS","Business Intelligence Systems, ELT Development, Report Design, Metadata Management, Workflow Management, Bug Tracking Tools, Healthcare Domain, HIPAA Compliance, SOC Compliance, HITRUST Compliance",https://apply.workable.com/j/EC737FF822?src=LinkedIn&utm_source=linkedin.com&src=LinkedIn&src=LinkedIn&utm_source=linkedin.com&gh_src=i5qg2y1&utm_source=linkedin.com,4/22/2026
80.9589,Conagra Brands,Sr. Data Engineer,"Omaha, NE",Hybrid,$93K/yr - $136K/yr,5,TRUE,7 hours ago,"Structured Query Language, Databricks, ETL, Dbt, Python, Data modeling, DevOps, Git, Continuous integration, Continuous deployment, Databricks Workflows","Snowflake, ELT, Informatica, Talend, PySpark, Database design, Airflow",https://careers.conagrabrands.com/us/en/job/CXGCONUSREQ036234EXTERNALENUS/Sr-Data-Engineer?utm_source=linkedin&utm_medium=phenom-feeds,4/24/2026
80.7968,Anything,Backend Engineer - AI,"San Francisco, CA",Onsite,$125K/yr - $200K/yr,N/A,TRUE,10 hours ago,"TypeScript, AI systems, Programming fundamentals","Curiosity, Ambition, Resourcefulness",https://jobs.ashbyhq.com/anything/f4123aa5-855a-4b82-b762-66fb4a77f493/application?utm_source=ongJb0rM8a,4/22/2026
80.7424,USAA,AI/ML Engineer II,"Phoenix Campus (Main), US",Onsite,N/A,2,TRUE,2 hours ago,"NumPy, BigQuery, HTML, CSS, Scikit-learn, NLTK, Google Cloud Platform, Cloud Storage, Microsoft Azure, AWS S3, AWS EC2, GitLab CI/CD, Docker","Pandas, PySpark, Snowflake SQL, XGBoost, TensorFlow, PyTorch, Vertex AI, Snowflake Snowpark, OpenShift, Apache Airflow, Control-M, FastAPI, Flask, Domino",https://usaa.wd1.myworkdayjobs.com/USAAJOBSWD/job/Phoenix-Campus-Main/AI-ML-Engineer-II_R0117273,4/24/2026
80.7112,Loop,"2026 New Grad | Software Engineer, Full-Stack (Chicago)","Chicago, IL",Onsite,$125K/yr - $125K/yr,N/A,TRUE,58 minutes ago,"Modern web application development, AI literacy, Large Language Models (LLM) understanding, AI native tools Codex, AI native tools Claude Code","AI native tools Cursor, Self-direction, Bias towards action, Work in ambiguity",https://boards.greenhouse.io/embed/job_app?token=5981831004&utm_source=jobright,4/24/2026
80.6537,Flow Control Group,Data Engineer,"Charlotte, NC",Onsite,N/A,5,TRUE,12 hours ago,"Dbt, SQL, Data analysis, Data integration, Data modeling, Data engineering, Azure, Cloud architectures, Python, Data security, Data pipeline development, Data observability","Snowflake, SSIS, Informatica, Talend, Fivetran, CData, Data warehousing, Architecture documentation",https://jobs.dayforcehcm.com/en-US/flowcontrol/CANDIDATEPORTAL/jobs/14306?src=LinkedIn,4/22/2026
80.0063,Commure,"Software Engineer, Applied AI","Mountain View, CA",Onsite,$130K/yr - $180K/yr,3,TRUE,5 hours ago,"Python, Frontend technologies, React, Typescript, Containers, Cloud, Docker, Kubernetes, Leadership","Full-Stack programming, Flutter, Production environment building, Alerting and reporting, Metrics tracking, Software reliability engineering, Product sense, User experience",https://jobs.ashbyhq.com/Commure/7d4ec84a-9fdc-4238-81e7-8f666836006e/application?utm_source=PnDq6E4Omw&source=X34Yya61zq,4/24/2026
80.0058,Citi,Java & Microservices Development Lead – Vice President,"Jersey City, NJ",Onsite,$142K/yr - $213K/yr,6,TRUE,4 hours ago,"Core Java concepts, Object-oriented programming, Data structures, Algorithms, Design patterns, JDBC, REST APIs, GraphQL APIs, Data transformation, JSON, Microservices architecture, Docker, Kubernetes, Cloud computing platforms, AWS, Azure, GCP","Java backend development, Spring Boot, Spring Cloud, Spring JPA, Hibernate, Maven, Functional programming, XML, FXML, SWIFT, CSV, OpenShift, Kafka",https://ad.doubleclick.net/ddm/trackclk/N4789.466581LINKEDIN.COM/B31905749.393702677;dc_trk_aid=614240951;dc_trk_cid=235979136;dc_lat=;dc_rdid=;tag_for_child_directed_treatment=;tfua=;ltd=;dc_tdv=1;dc_transparent=1;?https://jobs.citi.com/job/-/-/287/91842636272?source=APPLICANT_SOURCE-3-354&utm_medium=job_posting&utm_campaign=nam_experienced&utm_content=social_media&utm_term=393702677&ss=paid&utm_source=linkedin,4/24/2026
79.4437,Epsilon,Front-end Developer (Creative Technology),"Chicago, IL",Hybrid,$55K/yr - $103K/yr,3,TRUE,4 hours ago,"HTML5, CSS3, JavaScript (ES6+), Git, Debugging, AI Frameworks, Prompt Engineering, Python, Bash Scripting, Data Analytics","Prototyping, Figma, Adobe Creative Suite, Canva, Visual Design, Typography, Responsive Development, Snowflake, Creative Technology, Curiosity, Autonomy",https://careers.publicisgroupe.com/jobs/146104?lang=en-us&iis=Job+Board&iisn=LinkedIn+Apply,4/22/2026
79.1394,AIG,"Senior Manager, Data Engineering","Bedford, NH",Onsite,N/A,2,TRUE,40 minutes ago,"Metadata-driven ETL frameworks, AWS, Generative AI, Data engineering automation","Pyspark, Informatica IICS, Cloud-native data architecture, Snowflake, Code Whisperer",https://aig.wd1.myworkdayjobs.com/aig/job/NH-Bedford/Senior-Manager--Data-Engineering_JR2601893-1?source=LinkedIn,4/24/2026
78.8704,PayPal,"Software Engineer, Backend Java","New York, NY",Hybrid,$116K/yr - $173K/yr,1,TRUE,40 minutes ago,"Java, Web Services, REST, OAuth, JSON, Databases, SQL, NoSQL","Backend Development, Java EE Technologies, Application Servers, Servlet Containers, JMS, JPA, Spring MVC, Hibernate, Service-Oriented Architecture (SOA), ORM Tools",https://paypal.eightfold.ai/careers/job/274917627388?hl=en-US&domain=paypal.com&Codes=W-LINKEDIN,4/24/2026
78.6484,Slack,"Software Engineer, Machine Learning (SWE II & SWE I)","New York, NY",Onsite,$128K/yr - $260K/yr,N/A,TRUE,2 hours ago,"Imperative programming languages, Python, PHP, C, Java, Machine learning, ML frameworks, Scikit-learn, Fine tuning LLMs, Data analytics, Production deployment of ML models","Functional programming languages, Ruby, Go, Scala, PyTorch, Tensorflow, Keras, XGBoost, Fine tuning BERT models, Batch data processing pipelines, Apache Spark, Hadoop, EMR, Map Reduce, Airflow, Dagster, Luigi, Data-driven mindset, Technical architecture",https://salesforce.wd12.myworkdayjobs.com/Slack/job/California---San-Francisco/Software-Engineer--Machine-Learning--Senior--SWE-II---SWE-I-_JR328085?source=LinkedIn_Slack_Jobs,4/22/2026
78.196,Perplexity,"Member of Technical Staff (Software Engineer, Computer)","New York, NY",Onsite,$220K/yr - $405K/yr,4,TRUE,18 minutes ago,"Software engineering, Python, TypeScript, JavaScript, Java, C++, AI products, LLMs","Go, Swift, Rust, Production systems operation, Agents, Retrieval systems, Personalization, Evaluation frameworks, Product judgment",https://jobs.ashbyhq.com/Perplexity/4c0ac8bb-55bf-4fb0-b7d7-36d69f55e6c8/application?utm_source=linkedinpaid,4/22/2026
77.8877,Jain Global,Data Engineer - New York,"New York, New York, US",Onsite,N/A,4,TRUE,4 hours ago,"Python, C++, SQL, BigQuery, AWS, Google Cloud, Azure, AWS RDS (Postgres), AWS S3, Git, DevOps practices, DBT, Vendor APIs integration, Reference data","AMPS streaming technology, Snowflake, Redshift, Parquet, Iceberg, AWS MSK (Kafka), Linux, Test automation, Grafana, Prometheus, Datadog, ELK, Airflow, SFTP, Financial data, Live market data",https://jainglobal.wd5.myworkdayjobs.com/ExternalSite/job/New-York-New-York/Data-Engineer---New-York_JR100459-1,4/24/2026
76.9746,Humana,Data Engineer - Healthcare,United States,Remote,$98K/yr - $134K/yr,2,TRUE,2 hours ago,"SQL, Python, Data Analysis, Data Engineering, Microsoft Office, Azure Ecosystem","Root Cause Analysis, Healthcare Data, Electronic Health Records (EHR), Medicare Risk Adjustment, Quality Metrics (HEDIS), Snowflake Cloud, Dbt (data build tool)",https://humana.wd5.myworkdayjobs.com/centerwell_external_career_site/job/Remote-Nationwide/Data-Engineer---Healthcare_R-412659-1,4/24/2026
75.9658,University of Maryland Medical System,Sr Data Engineer,"North Bethesda, MD",Onsite,N/A,7,TRUE,4 hours ago,"Data Engineering, Data Analysis, Data Modeling, Programming - Python, Programming - C/C++, Agile Methodology, Object-Oriented Design, Relational Databases, PostgreSQL, SQL, MongoDB, Statistics, Applied Mathematics, Data Mining, Machine Learning, Natural Language Processing, Data Transformation, Algorithm Design","Programming - Ruby, Document-Oriented Databases, Object-Oriented Databases, Oracle, Hadoop Ecosystem, HDFS, Spark, MapReduce, Pig, Hive, Ranger, Atlas",https://careers.umms.org/us/en/job/UOJUOMUSP102792EXTERNALENUS/Sr-Data-Engineer?utm_source=linkedin&utm_medium=phenom-feeds,4/22/2026
75.2561,Genworth,Senior Data Engineer,United States,Remote,$115K/yr - $227K/yr,7,TRUE,2 hours ago,"Python, SQL, Databricks, ETL/ELT design, Data modeling, Data quality practices, Distributed data processing, Data pipeline engineering, Data observability, Data security, RBAC","Spark, Delta Lake, Lakehouse architecture, Data validation, Anomaly detection, Data privacy, PII handling",https://careers.genworth.com/us/en/job/GFOGFYUSREQ260132EXTERNALENUS/Senior-Data-Engineer?utm_source=linkedin&utm_medium=phenom-feeds,4/24/2026
74.964,Cadence,Software Engineer II,"San Jose, CA",Onsite,$102K/yr - $188K/yr,N/A,TRUE,42 minutes ago,"C++, Data structures, Algorithms, Multithreading, Scripting languages","Linux, Routing algorithms, Physical synthesis algorithms, Timing analysis, Tcl, IC physical design tools, Physical design flows",https://cadence.wd1.myworkdayjobs.com/External_Careers/job/SAN-JOSE/Software-Engineer-II_R54151-1?source=LinkedIn,4/22/2026
73.2413,"Hunter Douglas, Inc.",Mobile Application Developer,"Broomfield, CO",Hybrid,$119K/yr - $160K/yr,5,TRUE,54 minutes ago,"React Native, JavaScript, TypeScript, Java, API Integration, Performance Optimization, Cloud Platforms - GCP, Cloud Platforms - AWS","Mobile Development, Swift, Objective-C, Kotlin, IOS App Deployment, Android App Deployment, Mobile Security, Smart Home, IoT, Bluetooth Low Energy (BLE)",https://www.linkedin.com/jobs/view/4405398155,4/24/2026
71.7236,DataRobot,DevOps Engineer II,United States,Remote,N/A,4,TRUE,1 hour ago,"Kubernetes, Python, Git, GitHub, Cloud platforms, Performance optimization","Helm, Terraform, Linux, Infrastructure as Code, Scalability design, Reliability engineering",https://datarobot.wd1.myworkdayjobs.com/DataRobot_External_Careers/job/Boston-Massachusetts-US/DevOps-Engineer-II_R-102665?gh_src=1dc742401,4/22/2026
68.8778,LS Power,Applications Developer,"New York, NY, US",Onsite,$120K/yr - $140K/yr,5,TRUE,55 minutes ago,"HTML, CSS, JavaScript, Python, SQL, API integration, Power BI, Planning","Financial products, Commodity markets, Energy marketing, Trading, Power markets, Natural gas markets, Microsoft Fabric, Trade capture systems, ETRM platforms, Action bias",https://careers-lspower.icims.com/jobs/1861/applications-developer/job?in_iframe=1,4/24/2026
60.1459,VSP Vision Care,Senior Software Engineer,United States,Remote,$79K/yr - $134K/yr,6,TRUE,43 minutes ago,"Programming, Database Applications, Code Quality Practices, Authentication","Application Development, ASP.NET, VB.NET, C#, Query Performance, Indexing, Database Migrations, Refactoring, Error Handling, Defensive Coding, Secure Coding Practices, Authorization, Input Validation, Secrets Management, OWASP Awareness, Enterprise Hardware, Networking Fundamentals",https://vsp.wd1.myworkdayjobs.com/VSPVisionCareers/job/Remote-US/Senior-Software-Engineer_R-9407-1?source=LinkedIn,4/22/2026
51.4693,Macquarie Group,Platform Engineer,Greater Houston,Hybrid,N/A,N/A,TRUE,3 hours ago,"Kubernetes, GitHub Actions, Python, Shell scripting","Linux, Network fundamentals, DNS, Load balancing, High Availability, Firewalls, Custom runners, Reusable workflows, Golang, GitOps CD, ArgoCD, Infrastructure as Code, Container security, Network policies, Observability tools, Logging tools, Grafana, Splunk",https://recruitment.macquarie.com/en_US/careers/JobDetail?jobId=21214&source=LinkedIn.com,4/22/2026
